order_date,cus_id,store_id,payment_method_id,coupon_id,status
2025-10-07 11:50:15,359,332,2,9.0,Success
2025-10-07 11:50:15,158,243,2,10.0,Success
2025-10-07 11:50:15,458,628,1,19.0,Success
2025-10-07 11:50:15,629,561,1,19.0,Success
2025-10-07 11:50:15,316,372,4,19.0,Success
2025-10-07 11:50:15,157,124,4,13.0,Success
2025-10-07 11:50:15,696,652,2,13.0,Success
2025-10-07 11:50:15,350,295,4,13.0,Success
2025-10-07 11:50:15,189,538,3,13.0,Success
2025-10-07 11:50:15,483,84,2,9.0,Success
2025-10-07 11:50:15,611,354,2,22.0,Success
2025-10-07 11:50:15,392,572,4,10.0,Success
2025-10-07 11:50:15,152,61,2,13.0,Success
2025-10-07 11:50:15,252,54,4,,Success
2025-10-07 11:50:15,382,288,4,19.0,Success
2025-10-07 11:50:15,354,317,3,,Success
2025-10-07 11:50:15,188,391,2,9.0,Success
2025-10-07 11:50:15,205,50,2,13.0,Success
2025-10-07 11:50:15,585,248,3,14.0,Success
2025-10-07 11:50:15,344,275,2,13.0,Success
2025-10-07 11:50:15,337,270,2,10.0,Success
2025-10-07 11:50:15,534,329,2,,Success
2025-10-07 11:50:15,374,176,4,,Success
2025-10-07 11:50:15,209,348,4,,Success
2025-10-07 11:50:15,431,562,4,22.0,Success
2025-10-07 11:50:15,59,393,2,10.0,Success
2025-10-07 11:50:15,375,645,3,,Success
2025-10-07 11:50:15,265,75,2,13.0,Success
2025-10-07 11:50:15,415,282,3,19.0,Success
2025-10-07 11:50:15,97,589,2,13.0,Success
2025-10-07 11:50:15,162,51,2,19.0,Success
2025-10-07 11:50:15,545,465,4,10.0,Success
2025-10-07 11:50:15,693,597,4,13.0,Success
2025-10-07 11:50:15,306,131,1,13.0,Success
2025-10-07 11:50:15,136,616,1,13.0,Success
2025-10-07 11:50:15,244,32,3,13.0,Success
2025-10-07 11:50:15,630,508,2,19.0,Success
2025-10-07 11:50:15,523,6,4,,Success
2025-10-07 11:50:15,430,457,1,22.0,Success
2025-10-07 11:50:15,709,628,3,22.0,Success
2025-10-07 11:50:15,60,282,3,14.0,Success
2025-10-07 11:50:15,628,511,2,13.0,Success
2025-10-07 11:50:15,416,525,1,19.0,Success
2025-10-07 11:50:15,468,148,1,,Success
2025-10-07 11:50:15,571,651,3,9.0,Success
2025-10-07 11:50:15,309,70,3,22.0,Success
2025-10-07 11:50:15,337,410,3,10.0,Success
2025-10-07 11:50:15,456,302,3,10.0,Success
2025-10-07 11:50:15,263,333,4,,Success
2025-10-07 11:50:15,411,344,3,22.0,Success
2025-10-07 11:50:15,286,141,4,19.0,Success
2025-10-07 11:50:15,461,452,4,14.0,Success
2025-10-07 11:50:15,281,301,2,10.0,Success
2025-10-07 11:50:15,490,238,3,22.0,Success
2025-10-07 11:50:15,224,648,1,13.0,Success
2025-10-07 11:50:15,367,133,4,19.0,Success
2025-10-07 11:50:15,484,548,3,14.0,Success
2025-10-07 11:50:15,13,381,4,,Success
2025-10-07 11:50:15,111,315,3,14.0,Success
2025-10-07 11:50:15,515,512,2,19.0,Success
2025-10-07 11:50:15,601,43,2,19.0,Success
2025-10-07 11:50:15,250,292,2,13.0,Success
2025-10-07 11:50:15,356,339,1,10.0,Success
2025-10-07 11:50:15,711,642,4,13.0,Success
2025-10-07 11:50:15,469,349,2,22.0,Success
2025-10-07 11:50:15,298,303,3,,Success
2025-10-07 11:50:15,449,652,3,9.0,Success
2025-10-07 11:50:15,340,124,4,9.0,Success
2025-10-07 11:50:15,235,200,4,9.0,Success
2025-10-07 11:50:15,391,416,3,10.0,Success
2025-10-07 11:50:15,625,423,1,10.0,Success
2025-10-07 11:50:15,632,446,1,14.0,Success
2025-10-07 11:50:15,178,144,3,10.0,Success
2025-10-07 11:50:15,253,146,1,14.0,Success
2025-10-07 11:50:15,623,243,3,13.0,Success
2025-10-07 11:50:15,308,583,4,,Success
2025-10-07 11:50:15,145,633,2,13.0,Success
2025-10-07 11:50:15,120,9,1,14.0,Success
2025-10-07 11:50:15,691,594,4,9.0,Success
2025-10-07 11:50:15,668,242,1,,Success
2025-10-07 11:50:15,685,631,3,,Success
2025-10-07 11:50:15,540,667,4,9.0,Success
2025-10-07 11:50:15,219,93,3,9.0,Success
2025-10-07 11:50:15,332,353,1,13.0,Success
2025-10-07 11:50:15,14,118,2,19.0,Success
2025-10-07 11:50:15,7,10,4,22.0,Success
2025-10-07 11:50:15,655,242,1,19.0,Success
2025-10-07 11:50:15,253,552,4,14.0,Success
2025-10-07 11:50:15,193,327,2,9.0,Success
2025-10-07 11:50:15,709,557,4,22.0,Success
2025-10-07 11:50:15,249,420,4,9.0,Success
2025-10-07 11:50:15,83,520,3,10.0,Success
2025-10-07 11:50:15,435,263,3,9.0,Success
2025-10-07 11:50:15,673,104,1,9.0,Success
2025-10-07 11:50:15,170,459,1,9.0,Success
2025-10-07 11:50:15,383,192,4,9.0,Success
2025-10-07 11:50:15,313,55,3,,Success
2025-10-07 11:50:15,234,449,1,,Success
2025-10-07 11:50:15,421,115,1,10.0,Success
2025-10-07 11:50:15,75,73,2,10.0,Success
2025-10-07 11:50:15,477,417,2,14.0,Success
2025-10-07 11:50:15,433,589,2,19.0,Success
2025-10-07 11:50:15,261,266,3,14.0,Success
2025-10-07 11:50:15,450,206,1,13.0,Success
2025-10-07 11:50:15,130,621,2,,Success
2025-10-07 11:50:15,578,628,2,10.0,Success
2025-10-07 11:50:15,440,131,2,9.0,Success
2025-10-07 11:50:15,496,101,3,,Success
2025-10-07 11:50:15,214,454,3,10.0,Success
2025-10-07 11:50:15,238,530,3,19.0,Success
2025-10-07 11:50:15,276,304,4,10.0,Success
2025-10-07 11:50:15,190,227,2,19.0,Success
2025-10-07 11:50:15,552,453,1,,Success
2025-10-07 11:50:15,215,407,4,19.0,Success
2025-10-07 11:50:15,52,514,3,10.0,Success
2025-10-07 11:50:15,61,180,2,,Success
2025-10-07 11:50:15,459,369,1,9.0,Success
2025-10-07 11:50:15,576,398,4,10.0,Success
2025-10-07 11:50:15,669,493,2,,Success
2025-10-07 11:50:15,439,539,4,13.0,Success
2025-10-07 11:50:15,120,69,4,14.0,Success
2025-10-07 11:50:15,287,206,1,,Success
2025-10-07 11:50:15,582,353,2,19.0,Success
2025-10-07 11:50:15,444,115,3,13.0,Success
2025-10-07 11:50:15,628,411,4,13.0,Success
2025-10-07 11:50:15,269,667,3,22.0,Success
2025-10-07 11:50:15,597,402,1,19.0,Success
2025-10-07 11:50:15,141,131,3,19.0,Success
2025-10-07 11:50:15,644,408,2,14.0,Success
2025-10-07 11:50:15,261,191,3,14.0,Success
2025-10-07 11:50:15,632,565,2,14.0,Success
2025-10-07 11:50:15,329,274,4,22.0,Success
2025-10-07 11:50:15,415,187,1,19.0,Success
2025-10-07 11:50:15,641,353,3,19.0,Success
2025-10-07 11:50:15,95,244,3,,Success
2025-10-07 11:50:15,637,407,1,10.0,Success
2025-10-07 11:50:15,133,571,1,14.0,Success
2025-10-07 11:50:15,519,220,3,19.0,Success
2025-10-07 11:50:15,249,509,4,9.0,Success
2025-10-07 11:50:15,487,56,3,,Success
2025-10-07 11:50:15,643,492,2,14.0,Success
2025-10-07 11:50:15,653,585,4,,Success
2025-10-07 11:50:15,126,202,4,13.0,Success
2025-10-07 11:50:15,54,531,4,10.0,Success
2025-10-07 11:50:15,676,463,1,,Success
2025-10-07 11:50:15,115,316,2,19.0,Success
2025-10-07 11:50:15,134,460,1,19.0,Success
2025-10-07 11:50:15,704,210,3,9.0,Success
2025-10-07 11:50:15,431,297,3,22.0,Success
2025-10-07 11:50:15,153,285,4,22.0,Success
2025-10-07 11:50:15,163,192,1,10.0,Success
2025-10-07 11:50:15,245,234,4,10.0,Success
2025-10-07 11:50:15,291,26,2,10.0,Success
2025-10-07 11:50:15,6,292,2,9.0,Success
2025-10-07 11:50:15,594,118,1,19.0,Success
2025-10-07 11:50:15,381,540,1,10.0,Success
2025-10-07 11:50:15,435,241,3,9.0,Success
2025-10-07 11:50:15,674,179,4,,Success
2025-10-07 11:50:15,541,510,1,13.0,Success
2025-10-07 11:50:15,342,206,2,13.0,Success
2025-10-07 11:50:15,112,318,4,14.0,Success
2025-10-07 11:50:15,246,471,2,,Success
2025-10-07 11:50:15,171,266,4,13.0,Success
2025-10-07 11:50:15,309,487,3,22.0,Success
2025-10-07 11:50:15,555,514,3,14.0,Success
2025-10-07 11:50:15,542,69,3,13.0,Success
2025-10-07 11:50:15,617,299,1,14.0,Success
2025-10-07 11:50:15,631,583,3,,Success
2025-10-07 11:50:15,98,590,3,22.0,Success
2025-10-07 11:50:15,230,461,3,22.0,Success
2025-10-07 11:50:15,62,252,2,22.0,Success
2025-10-07 11:50:15,358,41,1,19.0,Success
2025-10-07 11:50:15,713,230,4,9.0,Success
2025-10-07 11:50:15,231,630,2,22.0,Success
2025-10-07 11:50:15,237,172,2,10.0,Success
2025-10-07 11:50:15,269,170,4,22.0,Success
2025-10-07 11:50:15,464,664,1,22.0,Success
2025-10-07 11:50:15,343,30,1,9.0,Success
2025-10-07 11:50:15,605,85,4,13.0,Success
2025-10-07 11:50:15,619,423,1,19.0,Success
2025-10-07 11:50:15,240,365,3,9.0,Success
2025-10-07 11:50:15,459,151,1,9.0,Success
2025-10-07 11:50:15,175,158,4,13.0,Success
2025-10-07 11:50:15,97,500,4,13.0,Success
2025-10-07 11:50:15,455,170,4,14.0,Success
2025-10-07 11:50:15,59,531,2,10.0,Success
2025-10-07 11:50:15,304,114,4,9.0,Success
2025-10-07 11:50:15,579,131,4,14.0,Success
2025-10-07 11:50:15,369,407,1,22.0,Success
2025-10-07 11:50:15,16,180,4,19.0,Success
2025-10-07 11:50:15,172,206,3,14.0,Success
2025-10-07 11:50:15,169,443,1,19.0,Success
2025-10-07 11:50:15,614,296,2,22.0,Success
2025-10-07 11:50:15,286,640,4,19.0,Success
2025-10-07 11:50:15,451,329,4,10.0,Success
2025-10-07 11:50:15,90,391,2,19.0,Success
2025-10-07 11:50:15,206,123,4,19.0,Success
2025-10-07 11:50:15,241,177,3,13.0,Success
2025-10-07 11:50:15,103,255,4,22.0,Success
2025-10-07 11:50:15,391,278,4,10.0,Success
2025-10-07 11:50:15,111,147,1,14.0,Success
2025-10-07 11:50:15,245,246,2,10.0,Success
2025-10-07 11:50:15,665,504,2,22.0,Success
2025-10-07 11:50:15,367,275,3,19.0,Success
2025-10-07 11:50:15,464,58,2,22.0,Success
2025-10-07 11:50:15,285,138,1,14.0,Success
2025-10-07 11:50:15,207,184,1,,Success
2025-10-07 11:50:15,588,358,3,19.0,Success
2025-10-07 11:50:15,506,494,2,13.0,Success
2025-10-07 11:50:15,473,552,1,13.0,Success
2025-10-07 11:50:15,242,139,4,13.0,Success
2025-10-07 11:50:15,600,204,4,10.0,Success
2025-10-07 11:50:15,629,442,3,19.0,Success
2025-10-07 11:50:15,613,24,3,,Success
2025-10-07 11:50:15,535,249,2,9.0,Success
2025-10-07 11:50:15,604,511,4,9.0,Success
2025-10-07 11:50:15,398,491,4,,Success
2025-10-07 11:50:15,520,171,3,10.0,Success
2025-10-07 11:50:15,559,353,3,9.0,Success
2025-10-07 11:50:15,643,617,1,14.0,Success
2025-10-07 11:50:15,176,289,3,9.0,Success
2025-10-07 11:50:15,621,482,4,10.0,Success
2025-10-07 11:50:15,79,523,4,10.0,Success
2025-10-07 11:50:15,398,492,3,,Success
2025-10-07 11:50:15,104,55,1,9.0,Success
2025-10-07 11:50:15,591,354,4,10.0,Success
2025-10-07 11:50:15,708,407,1,9.0,Success
2025-10-07 11:50:15,444,132,2,13.0,Success
2025-10-07 11:50:15,241,124,4,13.0,Success
2025-10-07 11:50:15,472,148,3,10.0,Success
2025-10-07 11:50:15,350,422,1,13.0,Success
2025-10-07 11:50:15,431,424,1,22.0,Success
2025-10-07 11:50:15,423,387,2,,Success
2025-10-07 11:50:15,427,437,4,9.0,Success
2025-10-07 11:50:15,284,460,2,14.0,Success
2025-10-07 11:50:15,69,229,4,9.0,Success
2025-10-07 11:50:15,298,125,4,,Success
2025-10-07 11:50:15,13,536,3,,Success
2025-10-07 11:50:15,143,85,4,13.0,Success
2025-10-07 11:50:15,542,663,3,13.0,Success
2025-10-07 11:50:15,640,659,1,14.0,Success
2025-10-07 11:50:15,329,420,2,22.0,Success
2025-10-07 11:50:15,415,254,3,19.0,Success
2025-10-07 11:50:15,650,473,3,10.0,Success
2025-10-07 11:50:15,15,380,1,9.0,Success
2025-10-07 11:50:15,257,322,3,19.0,Success
2025-10-07 11:50:15,405,229,3,13.0,Success
2025-10-07 11:50:15,564,319,4,22.0,Success
2025-10-07 11:50:15,54,506,3,10.0,Success
2025-10-07 11:50:15,148,493,3,10.0,Success
2025-10-07 11:50:15,385,304,4,14.0,Success
2025-10-07 11:50:15,59,639,1,10.0,Success
2025-10-07 11:50:15,83,581,2,10.0,Success
2025-10-07 11:50:15,329,602,2,22.0,Success
2025-10-07 11:50:15,586,645,3,19.0,Success
2025-10-07 11:50:15,182,377,3,,Success
2025-10-07 11:50:15,316,454,1,19.0,Success
2025-10-07 11:50:15,167,407,3,13.0,Success
2025-10-07 11:50:15,682,512,3,9.0,Success
2025-10-07 11:50:15,281,198,2,10.0,Success
2025-10-07 11:50:15,164,78,3,19.0,Success
2025-10-07 11:50:15,314,273,2,22.0,Success
2025-10-07 11:50:15,326,46,1,22.0,Success
2025-10-07 11:50:15,286,23,4,19.0,Success
2025-10-07 11:50:15,103,624,2,22.0,Success
2025-10-07 11:50:15,190,239,3,19.0,Success
2025-10-07 11:50:15,609,522,3,22.0,Success
2025-10-07 11:50:15,60,187,2,14.0,Success
2025-10-07 11:50:15,614,394,2,22.0,Success
2025-10-07 11:50:15,561,33,1,14.0,Success
2025-10-07 11:50:15,680,10,1,13.0,Success
2025-10-07 11:50:15,614,430,3,22.0,Success
2025-10-07 11:50:15,221,238,1,13.0,Success
2025-10-07 11:50:15,605,164,3,13.0,Success
2025-10-07 11:50:15,691,475,4,9.0,Success
2025-10-07 11:50:15,162,287,2,19.0,Success
2025-10-07 11:50:15,138,612,1,13.0,Success
2025-10-07 11:50:15,186,18,3,,Success
2025-10-07 11:50:15,137,516,2,,Success
2025-10-07 11:50:15,12,138,4,9.0,Success
2025-10-07 11:50:15,139,437,3,13.0,Success
2025-10-07 11:50:15,200,285,2,9.0,Success
2025-10-07 11:50:15,650,160,3,10.0,Success
2025-10-07 11:50:15,314,662,3,22.0,Success
2025-10-07 11:50:15,217,499,2,9.0,Success
2025-10-07 11:50:15,478,199,1,10.0,Success
2025-10-07 11:50:15,297,447,1,19.0,Success
2025-10-07 11:50:15,488,26,1,19.0,Success
2025-10-07 11:50:15,720,589,2,22.0,Success
2025-10-07 11:50:15,650,134,1,10.0,Success
2025-10-07 11:50:15,95,399,3,,Success
2025-10-07 11:50:15,212,285,4,13.0,Success
2025-10-07 11:50:15,520,338,3,10.0,Success
2025-10-07 11:50:15,273,551,2,13.0,Success
2025-10-07 11:50:15,406,629,2,13.0,Success
2025-10-07 11:50:15,506,527,4,13.0,Success
2025-10-07 11:50:15,552,557,2,,Success
2025-10-07 11:50:15,409,400,2,22.0,Success
2025-10-07 11:50:15,378,155,2,10.0,Success
2025-10-07 11:50:15,81,667,4,19.0,Success
2025-10-07 11:50:15,232,400,2,13.0,Success
2025-10-07 11:50:15,601,654,4,19.0,Success
2025-10-07 11:50:15,531,589,4,22.0,Success
2025-10-07 11:50:15,506,216,1,21.0,Success
2025-10-07 11:50:15,275,195,1,,Success
2025-10-07 11:50:15,676,213,3,,Success
2025-10-07 11:50:15,268,293,3,,Success
2025-10-07 11:50:15,567,377,4,19.0,Success
2025-10-07 11:50:15,241,232,4,21.0,Success
2025-10-07 11:50:15,211,235,3,10.0,Success
2025-10-07 11:50:15,336,5,4,14.0,Success
2025-10-07 11:50:15,87,25,4,14.0,Success
2025-10-07 11:50:15,237,452,3,10.0,Success
2025-10-07 11:50:15,209,36,2,,Success
2025-10-07 11:50:15,130,163,2,,Success
2025-10-07 11:50:15,424,550,1,13.0,Success
2025-10-07 11:50:15,392,518,2,10.0,Success
2025-10-07 11:50:15,413,617,4,,Success
2025-10-07 11:50:15,344,49,1,13.0,Success
2025-10-07 11:50:15,591,414,2,10.0,Success
2025-10-07 11:50:15,452,235,4,,Success
2025-10-07 11:50:15,513,241,4,,Success
2025-10-07 11:50:15,420,245,4,10.0,Success
2025-10-07 11:50:15,588,501,4,19.0,Success
2025-10-07 11:50:15,611,21,3,22.0,Success
2025-10-07 11:50:15,69,488,2,9.0,Success
2025-10-07 11:50:15,615,608,2,19.0,Success
2025-10-07 11:50:15,647,245,1,19.0,Success
2025-10-07 11:50:15,624,408,4,9.0,Success
2025-10-07 11:50:15,335,587,2,9.0,Success
2025-10-07 11:50:15,101,620,4,,Success
2025-10-07 11:50:15,164,465,4,19.0,Success
2025-10-07 11:50:15,603,14,1,13.0,Success
2025-10-07 11:50:15,413,158,4,,Success
2025-10-07 11:50:15,247,465,4,9.0,Success
2025-10-07 11:50:15,79,177,1,10.0,Success
2025-10-07 11:50:15,125,187,3,14.0,Success
2025-10-07 11:50:15,191,113,2,19.0,Success
2025-10-07 11:50:15,635,451,4,13.0,Success
2025-10-07 11:50:15,568,261,2,,Success
2025-10-07 11:50:15,273,226,3,13.0,Success
2025-10-07 11:50:15,562,188,1,13.0,Success
2025-10-07 11:50:15,402,139,2,13.0,Success
2025-10-07 11:50:15,70,64,4,,Success
2025-10-07 11:50:15,645,458,3,22.0,Success
2025-10-07 11:50:15,147,410,3,14.0,Success
2025-10-07 11:50:15,471,335,3,9.0,Success
2025-10-07 11:50:15,587,218,1,,Success
2025-10-07 11:50:15,241,107,2,21.0,Success
2025-10-07 11:50:15,341,561,3,13.0,Success
2025-10-07 11:50:15,88,662,4,13.0,Success
2025-10-07 11:50:15,303,507,2,13.0,Success
2025-10-07 11:50:15,631,344,4,,Success
2025-10-07 11:50:15,132,632,4,9.0,Success
2025-10-07 11:50:15,65,43,4,13.0,Success
2025-10-07 11:50:15,219,540,3,9.0,Success
2025-10-07 11:50:15,419,82,4,19.0,Success
2025-10-07 11:50:15,320,618,1,10.0,Success
2025-10-07 11:50:15,680,195,3,13.0,Success
2025-10-07 11:50:15,640,47,1,14.0,Success
2025-10-07 11:50:15,118,365,1,22.0,Success
2025-10-07 11:50:15,94,153,1,9.0,Success
2025-10-07 11:50:15,442,306,4,13.0,Success
2025-10-07 11:50:15,330,456,3,22.0,Success
2025-10-07 11:50:15,479,453,1,14.0,Success
2025-10-07 11:50:15,478,646,3,10.0,Success
2025-10-07 11:50:15,305,34,2,13.0,Success
2025-10-07 11:50:15,552,414,1,,Success
2025-10-07 11:50:15,196,470,1,,Success
2025-10-07 11:50:15,355,377,3,14.0,Success
2025-10-07 11:50:15,466,600,4,14.0,Success
2025-10-07 11:50:15,649,400,2,,Success
2025-10-07 11:50:15,521,147,3,10.0,Success
2025-10-07 11:50:15,512,569,1,14.0,Success
2025-10-07 11:50:15,450,442,3,13.0,Success
2025-10-07 11:50:15,166,518,1,10.0,Success
2025-10-07 11:50:15,520,160,1,10.0,Success
2025-10-07 11:50:15,363,644,3,,Success
2025-10-07 11:50:15,321,199,1,10.0,Success
2025-10-07 11:50:15,328,572,2,9.0,Success
2025-10-07 11:50:15,555,79,2,14.0,Success
2025-10-07 11:50:15,558,51,2,19.0,Success
2025-10-07 11:50:15,550,236,3,13.0,Success
2025-10-07 11:50:15,332,46,4,13.0,Success
2025-10-07 11:50:15,467,526,2,19.0,Success
2025-10-07 11:50:15,409,100,2,22.0,Success
2025-10-07 11:50:15,189,600,1,13.0,Success
2025-10-07 11:50:15,231,332,2,22.0,Success
2025-10-07 11:50:15,122,414,2,13.0,Success
2025-10-07 11:50:15,602,634,3,13.0,Success
2025-10-07 11:50:15,66,659,4,13.0,Success
2025-10-07 11:50:15,99,493,3,22.0,Success
2025-10-07 11:50:15,583,547,4,9.0,Success
2025-10-07 11:50:15,530,496,1,22.0,Success
2025-10-07 11:50:15,513,27,3,,Success
2025-10-07 11:50:15,246,297,4,,Success
2025-10-07 11:50:15,342,510,1,13.0,Success
2025-10-07 11:50:15,371,346,2,9.0,Success
2025-10-07 11:50:15,290,460,2,22.0,Success
2025-10-07 11:50:15,674,172,4,,Success
2025-10-07 11:50:15,521,56,2,10.0,Success
2025-10-07 11:50:15,428,458,1,9.0,Success
2025-10-07 11:50:15,162,253,4,19.0,Success
2025-10-07 11:50:15,162,624,1,19.0,Success
2025-10-07 11:50:15,639,401,1,10.0,Success
2025-10-07 11:50:15,168,40,4,22.0,Success
2025-10-07 11:50:15,386,222,2,19.0,Success
2025-10-07 11:50:15,357,275,1,19.0,Success
2025-10-07 11:50:15,606,613,4,13.0,Success
2025-10-07 11:50:15,689,527,4,9.0,Success
2025-10-07 11:50:15,712,546,3,,Success
2025-10-07 11:50:15,461,510,1,14.0,Success
2025-10-07 11:50:15,53,228,4,14.0,Success
2025-10-07 11:50:15,241,181,3,,Success
2025-10-07 11:50:15,351,193,1,10.0,Success
2025-10-07 11:50:15,700,150,4,,Success
2025-10-07 11:50:15,428,476,3,9.0,Success
2025-10-07 11:50:15,150,320,3,22.0,Success
2025-10-07 11:50:15,594,656,4,19.0,Success
2025-10-07 11:50:15,189,654,3,21.0,Success
2025-10-07 11:50:15,212,232,2,13.0,Success
2025-10-07 11:50:15,586,191,3,19.0,Success
2025-10-07 11:50:15,669,61,3,,Success
2025-10-07 11:50:15,437,349,1,10.0,Success
2025-10-07 11:50:15,188,595,4,9.0,Success
2025-10-07 11:50:15,284,436,2,14.0,Success
2025-10-07 11:50:15,503,419,4,13.0,Success
2025-10-07 11:50:15,129,14,2,,Success
2025-10-07 11:50:15,149,17,2,13.0,Success
2025-10-07 11:50:15,183,279,4,14.0,Success
2025-10-07 11:50:15,100,621,2,22.0,Success
2025-10-07 11:50:15,270,511,4,13.0,Success
2025-10-07 11:50:15,357,262,4,19.0,Success
2025-10-07 11:50:15,107,245,3,,Success
2025-10-07 11:50:15,442,589,2,13.0,Success
2025-10-07 11:50:15,522,18,3,9.0,Success
2025-10-07 11:50:15,688,21,3,10.0,Success
2025-10-07 11:50:15,678,573,3,19.0,Success
2025-10-07 11:50:15,661,628,1,10.0,Success
2025-10-07 11:50:15,186,36,1,,Success
2025-10-07 11:50:15,65,402,1,13.0,Success
2025-10-07 11:50:15,380,90,1,13.0,Success
2025-10-07 11:50:15,644,508,2,14.0,Success
2025-10-07 11:50:15,366,137,2,14.0,Success
2025-10-07 11:50:15,661,523,1,10.0,Success
2025-10-07 11:50:15,569,523,4,22.0,Success
2025-10-07 11:50:15,285,663,3,14.0,Success
2025-10-07 11:50:15,483,332,4,9.0,Success
2025-10-07 11:50:15,244,447,3,13.0,Success
2025-10-07 11:50:15,238,340,4,19.0,Success
2025-10-07 11:50:15,414,462,1,22.0,Success
2025-10-07 11:50:15,254,500,1,,Success
2025-10-07 11:50:15,542,98,2,21.0,Success
2025-10-07 11:50:15,144,50,1,10.0,Success
2025-10-07 11:50:15,712,611,2,,Success
2025-10-07 11:50:15,506,355,3,21.0,Success
2025-10-07 11:50:15,224,500,2,13.0,Success
2025-10-07 11:50:15,257,236,4,19.0,Success
2025-10-07 11:50:15,323,492,1,,Success
2025-10-07 11:50:15,492,322,4,10.0,Success
2025-10-07 11:50:15,695,506,3,19.0,Success
2025-10-07 11:50:15,543,219,3,9.0,Success
2025-10-07 11:50:15,200,598,4,9.0,Success
2025-10-07 11:50:15,367,528,4,19.0,Success
2025-10-07 11:50:15,61,123,2,,Success
2025-10-07 11:50:15,608,294,1,,Success
2025-10-07 11:50:15,619,488,2,19.0,Success
2025-10-07 11:50:15,668,283,2,,Success
2025-10-07 11:50:15,279,74,1,14.0,Success
2025-10-07 11:50:15,650,505,3,10.0,Success
2025-10-07 11:50:15,14,276,2,19.0,Success
2025-10-07 11:50:15,411,119,1,22.0,Success
2025-10-07 11:50:15,209,552,2,,Success
2025-10-07 11:50:15,186,152,3,,Success
2025-10-07 11:50:15,219,319,3,9.0,Success
2025-10-07 11:50:15,689,125,2,9.0,Success
2025-10-07 11:50:15,689,150,3,9.0,Success
2025-10-07 11:50:15,328,619,2,9.0,Success
2025-10-07 11:50:15,409,621,4,22.0,Success
2025-10-07 11:50:15,718,240,2,22.0,Success
2025-10-07 11:50:15,93,495,1,19.0,Success
2025-10-07 11:50:15,256,613,2,10.0,Success
2025-10-07 11:50:15,472,371,3,10.0,Success
2025-10-07 11:50:15,526,89,4,22.0,Success
2025-10-07 11:50:15,59,430,1,10.0,Success
2025-10-07 11:50:15,209,520,4,,Success
2025-10-07 11:50:15,513,440,3,,Success
2025-10-07 11:50:15,337,230,2,10.0,Success
2025-10-07 11:50:15,312,490,4,14.0,Success
2025-10-07 11:50:15,14,410,4,19.0,Success
2025-10-07 11:50:15,420,396,1,10.0,Success
2025-10-07 11:50:15,206,454,1,19.0,Success
2025-10-07 11:50:15,277,501,4,14.0,Success
2025-10-07 11:50:15,413,47,2,,Success
2025-10-07 11:50:15,94,436,4,9.0,Success
2025-10-07 11:50:15,403,487,2,13.0,Success
2025-10-07 11:50:15,340,110,3,9.0,Success
2025-10-07 11:50:15,280,400,4,13.0,Success
2025-10-07 11:50:15,311,208,2,22.0,Success
2025-10-07 11:50:15,193,138,2,9.0,Success
2025-10-07 11:50:15,524,230,3,13.0,Success
2025-10-07 11:50:15,266,257,3,14.0,Success
2025-10-07 11:50:15,181,98,4,14.0,Success
2025-10-07 11:50:15,305,188,4,13.0,Success
2025-10-07 11:50:15,489,157,2,22.0,Success
2025-10-07 11:50:15,381,419,3,10.0,Success
2025-10-07 11:50:15,528,525,3,9.0,Success
2025-10-07 11:50:15,360,178,1,19.0,Success
2025-10-07 11:50:15,711,666,1,13.0,Success
2025-10-07 11:50:15,296,570,1,,Success
2025-10-07 11:50:15,53,178,2,14.0,Success
2025-10-07 11:50:15,199,231,4,22.0,Success
2025-10-07 11:50:15,67,393,4,9.0,Success
2025-10-07 11:50:15,457,11,4,19.0,Success
2025-10-07 11:50:15,682,363,2,9.0,Success
2025-10-07 11:50:15,551,69,2,10.0,Success
2025-10-07 11:50:15,443,611,3,9.0,Success
2025-10-07 11:50:15,317,636,3,14.0,Success
2025-10-07 11:50:15,10,77,3,19.0,Success
2025-10-07 11:50:15,447,270,1,9.0,Success
2025-10-07 11:50:15,521,475,4,10.0,Success
2025-10-07 11:50:15,621,522,1,10.0,Success
2025-10-07 11:50:15,646,367,3,13.0,Success
2025-10-07 11:50:15,402,399,1,13.0,Success
2025-10-07 11:50:15,295,367,4,19.0,Success
2025-10-07 11:50:15,599,345,1,13.0,Success
2025-10-07 11:50:15,591,412,3,10.0,Success
2025-10-07 11:50:15,539,325,3,13.0,Success
2025-10-07 11:50:15,327,621,2,9.0,Success
2025-10-07 11:50:15,413,83,3,,Success
2025-10-07 11:50:15,432,124,1,13.0,Success
2025-10-07 11:50:15,525,106,2,10.0,Success
2025-10-07 11:50:15,341,316,2,13.0,Success
2025-10-07 11:50:15,544,300,3,13.0,Success
2025-10-07 11:50:15,271,384,2,9.0,Success
2025-10-07 11:50:15,169,324,2,19.0,Success
2025-10-07 11:50:15,151,183,3,,Success
2025-10-07 11:50:15,371,285,4,9.0,Success
2025-10-07 11:50:15,526,117,3,22.0,Success
2025-10-07 11:50:15,436,227,1,14.0,Success
2025-10-07 11:50:15,430,74,2,22.0,Success
2025-10-07 11:50:15,52,527,1,10.0,Success
2025-10-07 11:50:15,336,146,3,14.0,Success
2025-10-07 11:50:15,260,174,3,19.0,Success
2025-10-07 11:50:15,199,448,2,22.0,Success
2025-10-07 11:50:15,147,161,3,14.0,Success
2025-10-07 11:50:15,93,69,3,19.0,Success
2025-10-07 11:50:15,161,252,2,,Success
2025-10-07 11:50:15,718,439,3,22.0,Success
2025-10-07 11:50:15,201,173,3,14.0,Success
2025-10-07 11:50:15,218,404,4,22.0,Success
2025-10-07 11:50:15,381,648,4,10.0,Success
2025-10-07 11:50:15,429,259,2,22.0,Success
2025-10-07 11:50:15,285,1,1,14.0,Success
2025-10-07 11:50:15,395,61,2,19.0,Success
2025-10-07 11:50:15,258,584,4,19.0,Success
2025-10-07 11:50:15,219,407,2,9.0,Success
2025-10-07 11:50:15,84,27,2,9.0,Success
2025-10-07 11:50:15,694,67,1,10.0,Success
2025-10-07 11:50:15,429,411,2,22.0,Success
2025-10-07 11:50:15,205,157,1,13.0,Success
2025-10-07 11:50:15,168,228,1,22.0,Success
2025-10-07 11:50:15,544,39,2,13.0,Success
2025-10-07 11:50:15,716,287,1,9.0,Success
2025-10-07 11:50:15,160,51,1,22.0,Success
2025-10-07 11:50:15,470,246,2,13.0,Success
2025-10-07 11:50:15,287,298,1,,Success
2025-10-07 11:50:15,632,215,4,14.0,Success
2025-10-07 11:50:15,216,508,2,19.0,Success
2025-10-07 11:50:15,500,411,2,10.0,Success
2025-10-07 11:50:15,525,216,1,10.0,Success
2025-10-07 11:50:15,694,103,2,10.0,Success
2025-10-07 11:50:15,86,36,2,10.0,Success
2025-10-07 11:50:15,694,290,3,10.0,Success
2025-10-07 11:50:15,129,195,4,,Success
2025-10-07 11:50:15,265,108,2,13.0,Success
2025-10-07 11:50:15,186,628,2,,Success
2025-10-07 11:50:15,126,235,3,13.0,Success
2025-10-07 11:50:15,259,476,3,9.0,Success
2025-10-07 11:50:15,716,492,4,9.0,Success
2025-10-07 11:50:15,485,555,2,14.0,Success
2025-10-07 11:50:15,706,556,2,,Success
2025-10-07 11:50:15,261,146,1,14.0,Success
2025-10-07 11:50:15,490,635,1,22.0,Success
2025-10-07 11:50:15,338,183,2,19.0,Success
2025-10-07 11:50:15,283,575,1,9.0,Success
2025-10-07 11:50:15,454,532,3,,Success
2025-10-07 11:50:15,604,228,4,9.0,Success
2025-10-07 11:50:15,362,631,2,13.0,Success
2025-10-07 11:50:15,424,234,3,13.0,Success
2025-10-07 11:50:15,633,279,3,19.0,Success
2025-10-07 11:50:15,68,601,3,19.0,Success
2025-10-07 11:50:15,673,205,3,9.0,Success
2025-10-07 11:50:15,64,145,4,10.0,Success
2025-10-07 11:50:15,575,491,2,,Success
2025-10-07 11:50:15,580,473,2,13.0,Success
2025-10-07 11:50:15,121,455,2,13.0,Success
2025-10-07 11:50:15,255,302,1,14.0,Success
2025-10-07 11:50:15,288,282,2,19.0,Success
2025-10-07 11:50:15,215,328,2,19.0,Success
2025-10-07 11:50:15,212,387,3,21.0,Success
2025-10-07 11:50:15,674,447,3,,Success
2025-10-07 11:50:15,509,84,3,22.0,Success
2025-10-07 11:50:15,188,486,2,9.0,Success
2025-10-07 11:50:15,535,621,1,9.0,Success
2025-10-07 11:50:15,321,459,1,10.0,Success
2025-10-07 11:50:15,469,133,2,22.0,Success
2025-10-07 11:50:15,612,635,2,14.0,Success
2025-10-07 11:50:15,261,389,4,14.0,Success
2025-10-07 11:50:15,620,199,4,10.0,Success
2025-10-07 11:50:15,361,375,3,14.0,Success
2025-10-07 11:50:15,677,651,4,,Success
2025-10-07 11:50:15,272,44,1,10.0,Success
2025-10-07 11:50:15,719,249,2,,Success
2025-10-07 11:50:15,437,17,1,10.0,Success
2025-10-07 11:50:15,160,525,2,22.0,Success
2025-10-07 11:50:15,337,306,3,10.0,Success
2025-10-07 11:50:15,7,109,4,22.0,Success
2025-10-07 11:50:15,525,146,1,10.0,Success
2025-10-07 11:50:15,533,472,2,19.0,Success
2025-10-07 11:50:15,385,491,1,14.0,Success
2025-10-07 11:50:15,379,28,1,14.0,Success
2025-10-07 11:50:15,635,554,4,13.0,Success
2025-10-07 11:50:15,716,131,4,9.0,Success
2025-10-07 11:50:15,133,627,2,14.0,Success
2025-10-07 11:50:15,398,233,4,,Success
2025-10-07 11:50:15,387,245,3,,Success
2025-10-07 11:50:15,394,148,3,19.0,Success
2025-10-07 11:50:15,218,211,1,22.0,Success
2025-10-07 11:50:15,265,257,1,21.0,Success
2025-10-07 11:50:15,705,302,4,9.0,Success
2025-10-07 11:50:15,546,176,1,,Success
2025-10-07 11:50:15,291,104,1,10.0,Success
2025-10-07 11:50:15,703,520,1,,Success
2025-10-07 11:50:15,382,350,1,19.0,Success
2025-10-07 11:50:15,228,202,3,9.0,Success
2025-10-07 11:50:15,446,654,4,,Success
2025-10-07 11:50:15,88,306,3,13.0,Success
2025-10-07 11:50:15,656,549,2,13.0,Success
2025-10-07 11:50:15,519,388,1,19.0,Success
2025-10-07 11:50:15,453,180,1,14.0,Success
2025-10-07 11:50:15,396,235,1,,Success
2025-10-07 11:50:15,354,203,2,,Success
2025-10-07 11:50:15,77,318,2,14.0,Success
2025-10-07 11:50:15,95,514,4,,Success
2025-10-07 11:50:15,408,104,3,,Success
2025-10-07 11:50:15,297,453,2,19.0,Success
2025-10-07 11:50:15,205,305,4,21.0,Success
2025-10-07 11:50:15,91,431,3,22.0,Success
2025-10-07 11:50:15,422,476,4,9.0,Success
2025-10-07 11:50:15,641,555,1,19.0,Success
2025-10-07 11:50:15,259,582,3,9.0,Success
2025-10-07 11:50:15,559,398,2,9.0,Success
2025-10-07 11:50:15,720,448,3,22.0,Success
2025-10-07 11:50:15,111,167,2,14.0,Success
2025-10-07 11:50:15,470,168,2,13.0,Success
2025-10-07 11:50:15,364,125,1,22.0,Success
2025-10-07 11:50:15,213,637,2,14.0,Success
2025-10-07 11:50:15,684,302,1,13.0,Success
2025-10-07 11:50:15,211,231,4,10.0,Success
2025-10-07 11:50:15,617,152,4,14.0,Success
2025-10-07 11:50:15,16,29,1,19.0,Success
2025-10-07 11:50:15,308,509,4,,Success
2025-10-07 11:50:15,168,7,1,22.0,Success
2025-10-07 11:50:15,421,434,4,10.0,Success
2025-10-07 11:50:15,269,554,1,22.0,Success
2025-10-07 11:50:15,539,428,4,13.0,Success
2025-10-07 11:50:15,607,609,1,19.0,Success
2025-10-07 11:50:15,716,251,1,9.0,Success
2025-10-07 11:50:15,506,345,2,,Success
2025-10-07 11:50:15,592,21,4,10.0,Success
2025-10-07 11:50:15,83,304,1,10.0,Success
2025-10-07 11:50:15,122,457,4,13.0,Success
2025-10-07 11:50:15,391,544,4,10.0,Success
2025-10-07 11:50:15,99,354,2,22.0,Success
2025-10-07 11:50:15,232,482,2,13.0,Success
2025-10-07 11:50:15,324,641,1,13.0,Success
2025-10-07 11:50:15,364,123,2,22.0,Success
2025-10-07 11:50:15,598,241,4,,Success
2025-10-07 11:50:15,303,418,4,13.0,Success
2025-10-07 11:50:15,359,359,3,9.0,Success
2025-10-07 11:50:15,349,356,2,9.0,Success
2025-10-07 11:50:15,490,127,1,22.0,Success
2025-10-07 11:50:15,246,155,1,,Success
2025-10-07 11:50:15,509,398,4,22.0,Success
2025-10-07 11:50:15,704,106,3,9.0,Success
2025-10-07 11:50:15,720,172,3,22.0,Success
2025-10-07 11:50:15,172,535,4,14.0,Success
2025-10-07 11:50:15,281,262,3,10.0,Success
2025-10-07 11:50:15,74,635,4,19.0,Success
2025-10-07 11:50:15,497,665,3,19.0,Success
2025-10-07 11:50:15,497,73,1,19.0,Success
2025-10-07 11:50:15,258,229,2,19.0,Success
2025-10-07 11:50:15,475,36,4,,Success
2025-10-07 11:50:15,563,539,1,,Success
2025-10-07 11:50:15,133,457,3,14.0,Success
2025-10-07 11:50:15,325,645,3,10.0,Success
2025-10-07 11:50:15,15,197,4,9.0,Success
2025-10-07 11:50:15,242,136,1,13.0,Success
2025-10-07 11:50:15,185,457,2,13.0,Success
2025-10-07 11:50:15,596,118,3,,Success
2025-10-07 11:50:15,307,342,4,19.0,Success
2025-10-07 11:50:15,239,207,4,13.0,Success
2025-10-07 11:50:15,300,318,2,10.0,Success
2025-10-07 11:50:15,295,221,1,19.0,Success
2025-10-07 11:50:15,67,467,2,9.0,Success
2025-10-07 11:50:15,372,450,1,10.0,Success
2025-10-07 11:50:15,336,200,2,14.0,Success
2025-10-07 11:50:15,305,192,4,21.0,Success
2025-10-07 11:50:15,375,436,4,,Success
2025-10-07 11:50:15,505,509,3,13.0,Success
2025-10-07 11:50:15,415,386,3,19.0,Success
2025-10-07 11:50:15,481,315,1,10.0,Success
2025-10-07 11:50:15,621,440,3,10.0,Success
2025-10-07 11:50:15,649,448,3,,Success
2025-10-07 11:50:15,339,198,1,13.0,Success
2025-10-07 11:50:15,214,48,2,10.0,Success
2025-10-07 11:50:15,477,318,4,14.0,Success
2025-10-07 11:50:15,682,480,2,9.0,Success
2025-10-07 11:50:15,555,376,4,14.0,Success
2025-10-07 11:50:15,523,134,3,,Success
2025-10-07 11:50:15,109,198,4,13.0,Success
2025-10-07 11:50:15,357,289,3,19.0,Success
2025-10-07 11:50:15,356,609,2,10.0,Success
2025-10-07 11:50:15,85,19,3,9.0,Success
2025-10-07 11:50:15,657,582,3,,Success
2025-10-07 11:50:15,204,481,3,13.0,Success
2025-10-07 11:50:15,431,173,1,22.0,Success
2025-10-07 11:50:15,477,258,3,14.0,Success
2025-10-07 11:50:15,170,472,4,9.0,Success
2025-10-07 11:50:15,633,337,2,19.0,Success
2025-10-07 11:50:15,700,299,2,,Success
2025-10-07 11:50:15,352,22,3,,Success
2025-10-07 11:50:15,413,658,4,,Success
2025-10-07 11:50:15,460,130,1,19.0,Success
2025-10-07 11:50:15,714,365,4,10.0,Success
2025-10-07 11:50:15,443,273,1,9.0,Success
2025-10-07 11:50:15,709,196,3,22.0,Success
2025-10-07 11:50:15,367,567,4,19.0,Success
2025-10-07 11:50:15,489,593,4,22.0,Success
2025-10-07 11:50:15,572,444,4,10.0,Success
2025-10-07 11:50:15,225,618,4,10.0,Success
2025-10-07 11:50:15,336,245,4,14.0,Success
2025-10-07 11:50:15,553,285,4,14.0,Success
2025-10-07 11:50:15,564,82,2,22.0,Success
2025-10-07 11:50:15,474,592,4,,Success
2025-10-07 11:50:15,286,117,2,19.0,Success
2025-10-07 11:50:15,238,36,2,19.0,Success
2025-10-07 11:50:15,77,21,1,14.0,Success
2025-10-07 11:50:15,236,569,1,14.0,Success
2025-10-07 11:50:15,132,413,4,9.0,Success
2025-10-07 11:50:15,684,139,3,13.0,Success
2025-10-07 11:50:15,129,623,3,,Success
2025-10-07 11:50:15,240,151,1,9.0,Success
2025-10-07 11:50:15,245,87,3,10.0,Success
2025-10-07 11:50:15,74,482,2,19.0,Success
2025-10-07 11:50:15,264,636,3,22.0,Success
2025-10-07 11:50:15,361,664,2,14.0,Success
2025-10-07 11:50:15,611,654,4,22.0,Success
2025-10-07 11:50:15,151,599,2,,Success
2025-10-07 11:50:15,514,619,1,22.0,Success
2025-10-07 11:50:15,344,340,3,21.0,Success
2025-10-07 11:50:15,305,403,2,21.0,Success
2025-10-07 11:50:15,518,640,1,10.0,Success
2025-10-07 11:50:15,454,251,1,,Success
2025-10-07 11:50:15,75,536,2,10.0,Success
2025-10-07 11:50:15,480,351,1,13.0,Success
2025-10-07 11:50:15,289,159,1,22.0,Success
2025-10-07 11:50:15,611,198,4,22.0,Success
2025-10-07 11:50:15,278,159,2,10.0,Success
2025-10-07 11:50:15,126,607,1,21.0,Success
2025-10-07 11:50:15,558,22,1,19.0,Success
2025-10-07 11:50:15,195,557,3,10.0,Success
2025-10-07 11:50:15,365,246,4,13.0,Success
2025-10-07 11:50:15,368,487,2,,Success
2025-10-07 11:50:15,201,481,2,14.0,Success
2025-10-07 11:50:15,253,340,2,14.0,Success
2025-10-07 11:50:15,252,401,3,,Success
2025-10-07 11:50:15,315,187,1,19.0,Success
2025-10-07 11:50:15,596,140,4,,Success
2025-10-07 11:50:15,341,252,4,21.0,Success
2025-10-07 11:50:15,473,499,2,13.0,Success
2025-10-07 11:50:15,642,518,2,13.0,Success
2025-10-07 11:50:15,597,129,2,19.0,Success
2025-10-07 11:50:15,608,110,3,,Success
2025-10-07 11:50:15,179,405,4,13.0,Success
2025-10-07 11:50:15,475,261,1,,Success
2025-10-07 11:50:15,431,83,2,22.0,Success
2025-10-07 11:50:15,438,369,1,19.0,Success
2025-10-07 11:50:15,66,139,3,13.0,Success
2025-10-07 11:50:15,185,303,1,13.0,Success
2025-10-07 11:50:15,454,563,3,,Success
2025-10-07 11:50:15,251,427,1,10.0,Success
2025-10-07 11:50:15,199,468,2,22.0,Success
2025-10-07 11:50:15,397,123,2,19.0,Success
2025-10-07 11:50:15,274,327,3,,Success
2025-10-07 11:50:15,261,544,3,14.0,Success
2025-10-07 11:50:15,630,182,1,19.0,Success
2025-10-07 11:50:15,669,108,3,,Success
2025-10-07 11:50:15,279,398,3,14.0,Success
2025-10-07 11:50:15,596,127,2,,Success
2025-10-07 11:50:15,176,6,2,9.0,Success
2025-10-07 11:50:15,665,175,2,22.0,Success
2025-10-07 11:50:15,662,540,4,14.0,Success
2025-10-07 11:50:15,433,158,3,19.0,Success
2025-10-07 11:50:15,610,99,2,13.0,Success
2025-10-07 11:50:15,450,273,3,21.0,Success
2025-10-07 11:50:15,600,553,2,10.0,Success
2025-10-07 11:50:15,536,309,4,14.0,Success
2025-10-07 11:50:15,682,64,3,9.0,Success
2025-10-07 11:50:15,337,558,2,10.0,Success
2025-10-07 11:50:15,484,436,3,14.0,Success
2025-10-07 11:50:15,374,167,3,,Success
2025-10-07 11:50:15,715,430,3,14.0,Success
2025-10-07 11:50:15,181,208,1,14.0,Success
2025-10-07 11:50:15,458,64,2,19.0,Success
2025-10-07 11:50:15,416,53,2,19.0,Success
2025-10-07 11:50:15,710,634,1,14.0,Success
2025-10-07 11:50:15,645,84,1,22.0,Success
2025-10-07 11:50:15,219,483,3,9.0,Success
2025-10-07 11:50:15,541,582,3,13.0,Success
2025-10-07 11:50:15,613,509,1,,Success
2025-10-07 11:50:15,126,445,2,21.0,Success
2025-10-07 11:50:15,9,579,4,14.0,Success
2025-10-07 11:50:15,696,483,4,13.0,Success
2025-10-07 11:50:15,195,194,3,10.0,Success
2025-10-07 11:50:15,394,93,1,19.0,Success
2025-10-07 11:50:15,104,444,3,9.0,Success
2025-10-07 11:50:15,526,212,3,22.0,Success
2025-10-07 11:50:15,126,470,3,,Success
2025-10-07 11:50:15,525,35,3,10.0,Success
2025-10-07 11:50:15,140,596,3,9.0,Success
2025-10-07 11:50:15,297,485,3,19.0,Success
2025-10-07 11:50:15,647,16,4,19.0,Success
2025-10-07 11:50:15,246,420,3,,Success
2025-10-07 11:50:15,295,188,2,19.0,Success
2025-10-07 11:50:15,630,191,3,19.0,Success
2025-10-07 11:50:15,279,502,4,14.0,Success
2025-10-07 11:50:15,170,363,2,9.0,Success
2025-10-07 11:50:15,632,10,2,14.0,Success
2025-10-07 11:50:15,519,620,3,19.0,Success
2025-10-07 11:50:15,250,423,1,13.0,Success
2025-10-07 11:50:15,199,393,1,22.0,Success
2025-10-07 11:50:15,473,526,4,21.0,Success
2025-10-07 11:50:15,178,110,1,10.0,Success
2025-10-07 11:50:15,382,384,2,19.0,Success
2025-10-07 11:50:15,497,642,2,19.0,Success
2025-10-07 11:50:15,324,386,3,13.0,Success
2025-10-07 11:50:15,51,361,1,22.0,Success
2025-10-07 11:50:15,313,71,2,,Success
2025-10-07 11:50:15,321,626,3,10.0,Success
2025-10-07 11:50:15,673,491,4,9.0,Success
2025-10-07 11:50:15,265,376,2,21.0,Success
2025-10-07 11:50:15,573,3,4,13.0,Success
2025-10-07 11:50:15,185,251,2,21.0,Success
2025-10-07 11:50:15,386,125,3,19.0,Success
2025-10-07 11:50:15,432,216,4,13.0,Success
2025-10-07 11:50:15,124,141,4,13.0,Success
2025-10-07 11:50:15,618,581,3,10.0,Success
2025-10-07 11:50:15,594,54,4,19.0,Success
2025-10-07 11:50:15,654,639,3,13.0,Success
2025-10-07 11:50:15,421,458,3,10.0,Success
2025-10-07 11:50:15,52,425,1,10.0,Success
2025-10-07 11:50:15,686,456,2,22.0,Success
2025-10-07 11:50:15,227,18,1,9.0,Success
2025-10-07 11:50:15,398,263,1,,Success
2025-10-07 11:50:15,234,579,4,,Success
2025-10-07 11:50:15,214,243,3,10.0,Success
2025-10-07 11:50:15,436,616,1,14.0,Success
2025-10-07 11:50:15,591,609,1,10.0,Success
2025-10-07 11:50:15,366,88,1,14.0,Success
2025-10-07 11:50:15,77,270,1,14.0,Success
2025-10-07 11:50:15,690,458,4,14.0,Success
2025-10-07 11:50:15,565,223,2,13.0,Success
2025-10-07 11:50:15,309,214,2,22.0,Success
2025-10-07 11:50:15,570,216,2,13.0,Success
2025-10-07 11:50:15,716,370,4,9.0,Success
2025-10-07 11:50:15,654,186,4,13.0,Success
2025-10-07 11:50:15,561,10,1,14.0,Success
2025-10-07 11:50:15,122,614,1,21.0,Success
2025-10-07 11:50:15,384,562,3,14.0,Success
2025-10-07 11:50:15,152,323,4,13.0,Success
2025-10-07 11:50:15,622,232,3,9.0,Success
2025-10-07 11:50:15,623,408,3,13.0,Success
2025-10-07 11:50:15,469,596,2,22.0,Success
2025-10-07 11:50:15,186,379,4,,Success
2025-10-07 11:50:15,680,652,3,21.0,Success
2025-10-07 11:50:15,269,70,3,22.0,Success
2025-10-07 11:50:15,675,565,1,22.0,Success
2025-10-07 11:50:15,603,534,2,13.0,Success
2025-10-07 11:50:15,532,547,2,13.0,Success
2025-10-07 11:50:15,546,526,1,,Success
2025-10-07 11:50:15,114,548,2,,Success
2025-10-07 11:50:15,439,141,4,13.0,Success
2025-10-07 11:50:15,171,52,2,13.0,Success
2025-10-07 11:50:15,463,592,4,,Success
2025-10-07 11:50:15,489,334,3,22.0,Success
2025-10-07 11:50:15,404,142,1,9.0,Success
2025-10-07 11:50:15,81,158,4,19.0,Success
2025-10-07 11:50:15,664,436,4,13.0,Success
2025-10-07 11:50:15,609,513,3,22.0,Success
2025-10-07 11:50:15,170,391,4,9.0,Success
2025-10-07 11:50:15,505,500,3,13.0,Success
2025-10-07 11:50:15,599,212,4,13.0,Success
2025-10-07 11:50:15,299,150,2,13.0,Success
2025-10-07 11:50:15,716,190,4,9.0,Success
2025-10-07 11:50:15,190,157,2,19.0,Success
2025-10-07 11:50:15,566,327,1,14.0,Success
2025-10-07 11:50:15,347,324,4,9.0,Success
2025-10-07 11:50:15,78,276,2,13.0,Success
2025-10-07 11:50:15,579,48,2,14.0,Success
2025-10-07 11:50:15,205,39,4,21.0,Success
2025-10-07 11:50:15,647,572,1,19.0,Success
2025-10-07 11:50:15,719,561,4,,Success
2025-10-07 11:50:15,686,491,3,22.0,Success
2025-10-07 11:50:15,292,407,2,10.0,Success
2025-10-07 11:50:15,282,135,2,19.0,Success
2025-10-07 11:50:15,472,215,2,10.0,Success
2025-10-07 11:50:15,426,534,2,22.0,Success
2025-10-07 11:50:15,113,513,1,19.0,Success
2025-10-07 11:50:15,653,421,3,,Success
2025-10-07 11:50:15,290,36,3,22.0,Success
2025-10-07 11:50:15,507,297,2,19.0,Success
2025-10-07 11:50:15,313,555,4,,Success
2025-10-07 11:50:15,234,119,2,,Success
2025-10-07 11:50:15,8,498,3,22.0,Success
2025-10-07 11:50:15,199,529,1,22.0,Success
2025-10-07 11:50:15,532,284,2,13.0,Success
2025-10-07 11:50:15,495,652,3,19.0,Success
2025-10-07 11:50:15,691,112,2,9.0,Success
2025-10-07 11:50:15,359,501,2,9.0,Success
2025-10-07 11:50:15,552,640,4,,Success
2025-10-07 11:50:15,224,196,3,21.0,Success
2025-10-07 11:50:15,612,474,4,14.0,Success
2025-10-07 11:50:15,661,263,4,10.0,Success
2025-10-07 11:50:15,703,382,3,,Success
2025-10-07 11:50:15,125,20,4,14.0,Success
2025-10-07 11:50:15,107,290,3,,Success
2025-10-07 11:50:15,76,77,1,14.0,Success
2025-10-07 11:50:15,182,369,1,,Success
2025-10-07 11:50:15,427,643,3,9.0,Success
2025-10-07 11:50:15,319,49,3,19.0,Success
2025-10-07 11:50:15,522,567,3,9.0,Success
2025-10-07 11:50:15,685,31,1,,Success
2025-10-07 11:50:15,504,131,1,9.0,Success
2025-10-07 11:50:15,98,16,4,22.0,Success
2025-10-07 11:50:15,301,70,1,19.0,Success
2025-10-07 11:50:15,309,314,1,22.0,Success
2025-10-07 11:50:15,321,601,4,10.0,Success
2025-10-07 11:50:15,295,214,1,19.0,Success
2025-10-07 11:50:15,245,568,2,10.0,Success
2025-10-07 11:50:15,54,257,1,10.0,Success
2025-10-07 11:50:15,126,141,1,,Success
2025-10-07 11:50:15,306,330,3,13.0,Success
2025-10-07 11:50:15,237,370,2,10.0,Success
2025-10-07 11:50:15,637,32,1,10.0,Success
2025-10-07 11:50:15,204,201,2,13.0,Success
2025-10-07 11:50:15,446,514,1,,Success
2025-10-07 11:50:15,207,361,3,,Success
2025-10-07 11:50:15,376,330,3,10.0,Success
2025-10-07 11:50:15,409,106,1,22.0,Success
2025-10-07 11:50:15,521,30,4,10.0,Success
2025-10-07 11:50:15,429,597,3,22.0,Success
2025-10-07 11:50:15,483,208,3,9.0,Success
2025-10-07 11:50:15,570,19,3,13.0,Success
2025-10-07 11:50:15,243,633,1,9.0,Success
2025-10-07 11:50:15,379,114,4,14.0,Success
2025-10-07 11:50:15,546,515,3,,Success
2025-10-07 11:50:15,52,372,1,10.0,Success
2025-10-07 11:50:15,174,358,3,19.0,Success
2025-10-07 11:50:15,711,571,2,21.0,Success
2025-10-07 11:50:15,690,663,1,14.0,Success
2025-10-07 11:50:15,141,648,3,19.0,Success
2025-10-07 11:50:15,299,305,1,13.0,Success
2025-10-07 11:50:15,470,55,1,21.0,Success
2025-10-07 11:50:15,553,242,2,14.0,Success
2025-10-07 11:50:15,252,439,4,,Success
2025-10-07 11:50:15,623,454,1,21.0,Success
2025-10-07 11:50:15,242,420,4,21.0,Success
2025-10-07 11:50:15,478,352,2,10.0,Success
2025-10-07 11:50:15,269,211,1,22.0,Success
2025-10-07 11:50:15,248,269,1,,Success
2025-10-07 11:50:15,57,586,4,9.0,Success
2025-10-07 11:50:15,231,4,4,22.0,Success
2025-10-07 11:50:15,271,196,2,9.0,Success
2025-10-07 11:50:15,63,503,4,22.0,Success
2025-10-07 11:50:15,314,460,1,22.0,Success
2025-10-07 11:50:15,581,92,4,10.0,Success
2025-10-07 11:50:15,205,269,4,,Success
2025-10-07 11:50:15,123,191,4,,Success
2025-10-07 11:50:15,680,588,1,21.0,Success
2025-10-07 11:50:15,437,610,1,10.0,Success
2025-10-07 11:50:15,421,475,2,10.0,Success
2025-10-07 11:50:15,130,517,2,,Success
2025-10-07 11:50:15,579,610,2,14.0,Success
2025-10-07 11:50:15,341,291,1,21.0,Success
2025-10-07 11:50:15,161,54,3,,Success
2025-10-07 11:50:15,443,628,3,9.0,Success
2025-10-07 11:50:15,469,163,4,22.0,Success
2025-10-07 11:50:15,387,230,1,,Success
