id,branch_name,full_address,city
1,Han Hai Nguyen,278 Hàn Hải Nguyên P.2 Q.11,TP.HCM
2,Sun Village,"31-33 Nguyễn Văn Đậu P.6
Q.Bình Thạnh",TP.HCM
3,Etown,364 Cộng Hòa P.13 Q.Tân Bình,TP.HCM
4,"Hoa Hong Phu Nhuan
HCM",46 Hoa Hồng P.7 Q.Phú Nhuận,TP.HCM
5,2B Le Duan HCM,2B Lê Duẩn P.Bến Nghé Q.1,TP.HCM
6,"Nguyen Thai Hoc
HCM","132A Nguyễn Thái Học P.Phạm
Ngũ Lão Q.1",TP.HCM
7,Ho Con Rua HCM,"2 Bis Công Trường Quốc Tế P.Võ
Thị Sáu Q.3",TP.HCM
8,Sala 2,"125 Nguyễn Cơ Thạch P.An Lợi
Đông Q.2",TP.HCM
9,Garden Plaza D7,"SB-01, Garden Plaza, 1 Tôn Dật
Tiên P.Tân Phong Q.7",TP.HCM
10,"CT.Plaza Ground Floor
Out Side",60A Trường Sơn P.2 Q.Tân Bình,TP.HCM
11,Saigon South HCM,"152 Nguyễn Lương Bằng P.Tân
Phú Q.7",TP.HCM
12,Manor HCM,"91 Nguyễn Hữu Cảnh P.22 Q.Bình
Thạnh",TP.HCM
13,DIAMOND HCM,34 Lê Duẩn P.Bến Nghé Q.1,TP.HCM
14,Saigon Trade,"37 Tôn Đức Thắng P.Bến Nghé
Q.1",TP.HCM
15,RMIT - HCM,"702 Nguyễn Văn Linh P.Tân
Phong Q.7",TP.HCM
16,Liberty HCM,"187 Phạm Ngũ Lão P.Phạm Ngũ
Lão Q.1",TP.HCM
17,Vincom B3 HCM,"TTTM Vincom Tầng B3, số 70-72
Lê Thánh Tôn P.Bến Nghé Q.1",TP.HCM
18,"Vincom Quang Trung
HCM","TTTM Vincom Go Vap - 190
Quang Trung P.10 Q.Gò Vấp",TP.HCM
19,"Tran Quang Khai
HCM","135A Trần Quang Khải P.Tân
Định Q.1",TP.HCM
20,Vincom Go Vap,"TTTM Vincom Plaza, 12 Phan
Văn Trị P.7 Q.Gò Vấp",TP.HCM
21,SSG - HCM,"561A Điện Biên Phủ P.25 Q.Bình
Thạnh",TP.HCM
22,CMT8 - HCM,"90 Cách Mạng Tháng Tám P.Võ
Thị Sáu Q.3",TP.HCM
23,Vincom Thao Dien,"159 Xa Lộ Hà Nội P.Thảo Điền
TP.Thủ Đức",TP.HCM
24,CityLand D7,"TTTM Big C, 10 Nguyễn Thị Thập
P.Tân Phú Q.7",TP.HCM
25,NDC - HCM,"27B Nguyễn Đình Chiểu P.Đa Kao
Q.1",TP.HCM
26,FIDECO - HCM,"Tòa nhà Fideco, 81-85 Hàm Nghi
P.Nguyễn Thái Bình Q.1",TP.HCM
27,"Vincom Cong Hoa
HCM",15-17 Cộng Hòa P.4 Q.Tân Bình,TP.HCM
28,"Tran Hung Dao -
HCM",683 Trần Hưng Đạo P.1 Q.5,TP.HCM
29,Hai Ba Trung HCM,"265 Hai Bà Trưng P.Võ Thị Sáu
Q.3",TP.HCM
30,Cantavil D2 - HCM,"Cantavil Xa Lộ Hà Nội P.An Phú
TP.Thủ Đức",TP.HCM
31,Central Point - HCM,"106 Nguyễn Văn Trôĩ P.8 Q.Phú
Nhuận",TP.HCM
32,LaKai - HCM,"98-126 Nguyễn Tri Phương P.7
Q.5",TP.HCM
33,Phan Xich Long HCM,"193 Phan Xích Long P.2 Q.Phú
Nhuận",TP.HCM
34,"Vincom Thu Duc -
HCM","TTTM Vincom Plaza, 216 Võ Văn
Ngân P.Bình Thọ TP.Thủ Đức",TP.HCM
35,Bao Minh - HCM,"Tòa nhà Bảo Minh, số 217 Nam
Kỳ Khởi Nghĩa P.Võ Thị Sáu Q.3",TP.HCM
36,Saigon Pearl - HCM,"Sai Gon Pearl, 92 Nguyễn Hữu
Cảnh P.22 Q.Bình Thạnh",TP.HCM
37,Tan Son Nhat Airport,"Domestic Airport Trường Sơn P.2
Q.Tân Bình",TP.HCM
38,"Tung Thien Vuong -
HCM","312-314 Tùng Thện Vương P.13
Q.8",TP.HCM
39,SG Centre - HCM,"TTTM Sai Gon Center, 65 Lê Lợi
P.Bến Nghé Q.1",TP.HCM
40,BigC An Lac,"TTTM Big C, 1231 QL1A P.Bình
Trị Đông B Q.Bình Tân",TP.HCM
41,SG MALL - HCM,"TTTM Sai Gon Mall, 2A Phan
Văn Trị P.10 Q.Gò Vấp",TP.HCM
42,Joy Citypoint - HCM,"Linh Trung 1 QL1A P.Linh Trung
TP.Thủ Đức",TP.HCM
43,"VC Nguyen Duy
Trinh","TTTM Vincom Plaza, 307 Nguyễn
Duy Trinh P.Bình Trưng Tây
TP.Thủ Đức",TP.HCM
44,Crescent Mall HCM,"TTTM Crescent Mall, 101 Tôn
Dật Tiên P.Tân Phú Q.7",TP.HCM
45,"Vincom Nam Long -
HCM","TTTM Vincom Plaza Trần Trọng
Cung P.Tân Thuận Đông Q.7",TP.HCM
46,"Vincom Saigonres -
HCM","TTTM Vincom Plaza, 181 Nguyễn
Xí P.26 Q.Bình Thạnh",TP.HCM
47,Lotte Mart 2 - HCM,"469 Nguyễn Hữu Thọ P.Tân Hưng
Q.7",TP.HCM
48,Le Van Sy - HCM,188 Lê Văn Sỹ P.10 Q.Phú Nhuận,TP.HCM
49,Xuan Thuy D2 - HCM,"64 Xuân Thủy P.Thảo Điền
TP.Thủ Đức",TP.HCM
50,Calmette - HCM,"161-163 Calmette P.Nguyễn Thái
Bình Q.1",TP.HCM
51,Bach Dang - HCM,58E Bạch Đằng P.2 Q.Tân Bình,TP.HCM
52,"Vinhome Central Park
- HCM","Shophouse P1.09 Vinhomes
Central Park, 208 Nguyễn Hữu
Cảnh P.22 Q.Bình Thạnh",TP.HCM
53,Bau Cat - HCM,1-3-5 Bàu Cát P.14 Q.Tân Bình,TP.HCM
54,Trade Center - HCM,11 Sư Vạn Hạnh P.12 Q.10,TP.HCM
55,Binh Phu - HCM,61-63-65 Bình Phu P.11 Q.6,TP.HCM
56,City Museum,65 Lý Tự Trọng P.Bến Nghé Q.1,TP.HCM
57,Luy Ban Bich - HCM,"462 Lũy Bán Bích P.Hòa Thạnh
Q.Tân Phú",TP.HCM
58,L16 Him Lam - HCM,L16 Him Lam P.Tân Hưng Q.7,TP.HCM
59,"331 Le Van Viet -
HCM","331 Lê Văn Việt P.Hiệp Phú
TP.Thủ Đức",TP.HCM
60,New City - HCM,"17 Mai Chí Thọ P.An Khánh
TP.Thủ Đức",TP.HCM
61,Riverside D7 - HCM,"Shop House ST-01 Khối E,Tầng 1
tòa nhà Riverside Resident,182
Nguyễn Lương Bằng P.Phú Mỹ
Q.7",TP.HCM
62,Botanica - HCM,"Tòa nhà Botanica, 104 Phổ Quang
P.2 Q.Tân Bình",TP.HCM
63,"Nguyen Trong Tuyen
HCM","129 Nguyễn Trọng Tuyển P.15
Q.Phú Nhuận",TP.HCM
64,Landmark 81,"Gian hàng B1-K2, TTTM Vincom
Lanmark, Số 772 Điện Biên Phủ
P.22 Q.Bình Thạnh",TP.HCM
65,Ly Chinh Thang HCM,"45 Lý Chính Thắng P.Võ Thị Sáu
Q.3",TP.HCM
66,"225 Nguyen Dinh
Chieu HCM",225 Nguyễn Đình Chiểu P.5 Q.3,TP.HCM
67,Central Mall Cu Chi,"1239 Tỉnh lộ 08 X.Tân Thạnh
Đông H.Củ Chi",TP.HCM
68,Phan Huy Ich - HCM,399 Phan Huy Ích P.14 Q.Gò Vấp,TP.HCM
69,"Trung My Tay D12 -
HCM","371 Nguyễn Ảnh Thủ P.Trung Mỹ
Tây Q.12",TP.HCM
70,Huynh Tan Phat HCM,"721 Huỳnh Tấn Phát P.Phú Thuận
Q.7",TP.HCM
71,Lam Van Ben HCM,184 Lâm Văn Bền P.Tân Quy Q.7,TP.HCM
72,"1180 Quang Trung Go
Vap HCM",1180 Quang Trung P.8 Q.Gò Vấp,TP.HCM
73,"506 Truong Chinh
HCM","506 Trường Chinh P.13 Q.Tân
Bình",TP.HCM
74,601 CMT8 HCM,"601 Cách Mạng Tháng Tám P.15
Q.10",TP.HCM
75,"Sense City Thu Duc
HCM","240-242 Kha Vạn Cân P.Hiệp Bình
Chánh TP.Thủ Đức",TP.HCM
76,Thach Lam HCM,"180 Thạch Lam P.Phú Thạnh
Q.Tân Phú",TP.HCM
77,210 Nguyen Trai HCM,"210 Nguyễn Trãi P.Phạm Ngũ Lão
Q.1",TP.HCM
78,Tran Nao HCM,"41 Trần Não P.An Khánh TP.Thủ
Đức",TP.HCM
79,Le Duc Tho HCM,57 Lê Đức Thọ P.7 Q.Gò Vấp,TP.HCM
80,"Nguyen Van Luong D6
HCM",240 Nguyễn Văn Lương P.11 Q.6,TP.HCM
81,"TTC Ung Van Khiem
HCM","Tang 1, So 26 Ung Văn Khiêm
P.25 Q.Bình Thạnh",TP.HCM
82,"Nguyen Anh Thu
HCM","23A Nguyễn Ảnh Thủ P.Hiệp
Thành Q.12",TP.HCM
83,"Centre Mall Binh
Chanh HCM","C6/27 Phạm Hùng X.Bình Hưng
H.Bình Chánh",TP.HCM
84,Saigon Pavillon HCM,"53-55 Bà Huyện Thanh Quan P.Võ
Thị Sáu Q.3",TP.HCM
85,"G4 G8 Truong Son
HCM",G4-G8 Trường Sơn P.15 Q.10,TP.HCM
86,Dang Van Bi HCM,"173 Đặng Văn Bi P.Trường Thọ
TP.Thủ Đức",TP.HCM
87,"Nguyen Van Qua D12
HCM","117 Nguyễn Văn Quá P.Tân Hưng
Thuận Q.12",TP.HCM
88,Pham Van Chieu HCM,"158 Phạm Văn Chiêu P.9 Q.Gò
Vấp",TP.HCM
89,"Ly Thuong Kiet Hoc
Mon HCM","27/5A Lý Thường Kiệt TT.Hóc
Môn H.Hóc Môn",TP.HCM
90,Riviera Point D7,"02 Nguyễn Văn Tưởng P.Tân Phú
Q.7",TP.HCM
91,119 Ham Nghi HCM,"119-125 Hàm Nghi P.Nguyễn Thái
Bình Q.1",TP.HCM
92,"Lanh Binh Thang
HCM",281A Lãnh Binh Thăng P.8 Q.11,TP.HCM
93,"Vinhome Ba Son
HCM","SH02, AQUA 4, Vinhomes Ba Son
Nguyễn Hữu Cảnh P.Bến Nghé
Q.1",TP.HCM
94,Lexington D2 HCM,"69 Mai Chí Thọ P.An Phú TP.Thủ
Đức",TP.HCM
95,278 Au Co HCM,"287 Âu Cơ P.Phú Trung Q.Tân
Phú",TP.HCM
96,"Ly Thuong Kiet D11
HCM",A1 319 Lý Thường Kiệt P.15 Q.11,TP.HCM
97,Cienco 4 HCM,"180 Nguyễn Thị Minh Khai P.Võ
Thị Sáu Q.3",TP.HCM
98,"Do Xuan Hop D9
HCM","323 Đỗ Xuân Hợp P.Phước Long
B TP.Thủ Đức",TP.HCM
99,Le Quang Dinh HCM,"359A Lê Quang Định P.5 Q.Bình
Thạnh",TP.HCM
100,Nguyen Xi HCM,154 Nguyễn Xí P.26 Q.Bình Thạnh,TP.HCM
101,Sunrise View City,"B1.19 Nguyễn Hữu Thọ P..Tân
Hưng Q.7",TP.HCM
102,SGGP Tower HCM,"436-438 Nguyễn Thị Minh Khai
P.Võ Thị Sáu Q.3",TP.HCM
103,The Sun Avenue HCM,"28 Mai Chí Thọ P.An Phú TP.Thủ
Đức",TP.HCM
104,"Dinh Tien Hoang
HCM","127C Đinh Tiên Hoàng P.3 Q.Bình
Thạnh",TP.HCM
105,Saigon Royal HCM,34 Bến Vân Đồn P.13 Q.4,TP.HCM
106,Ta Uyen HCM,134 Tạ Uyên P.4 Q.11,TP.HCM
107,Trung Son HCM,"195 Đường số 9A X.Bình Hưng
H.Bình Chánh",TP.HCM
108,Hoang Viet HCM,26A Hoàng Việt P.4 Q.Tân Bình,TP.HCM
109,"Nguyen Chi Thanh
HCM",82 Nguyễn Chí Thanh P.13 Q.10,TP.HCM
110,"402 Tran Hung Dao
HCM",402-404 Trần Hưng Đạo P.11 Q.5,TP.HCM
111,Flora Thu Duc HCM,"Flora Novia Phạm Văn Đồng
P.Linh Tây TP.Thủ Đức",TP.HCM
112,Tan Ky Tan Quy HCM,"377 Tân Kỳ Tân Quý P.Tân Quý
Q.Tân Phú",TP.HCM
113,Le Quy Don HCM,33 Lê Quý Đôn P.Võ Thị Sáu Q.3,TP.HCM
114,Vuon Lai HCM,"55 Vườn Lài P.Phú Thọ Hòa
Q.Tân Phú",TP.HCM
115,"Nguyen Cong Tru
HCM","166 Nguyễn Công Trứ P.Nguyễn
Thái Bình Q.1",TP.HCM
116,"255 Luy Ban Bich
HCM","255 Lũy Bán Bích P.Hiệp Tân
Q.Tân Phú",TP.HCM
117,Nguyen Kim - BD,"1 Trần Hưng Đạo P.Phú Cường
TP.Thủ Dầu Một",Bình Dương
118,Dai Lo Binh Duong,"325 Đại Lộ Bình Dương P.Chánh
Nghĩa TP.Thủ Dầu Một",Bình Dương
119,"Big C Di An Binh
Duong","Big C Di An Binh Duong Quốc Lộ
1K P.Đông Hòa TP.Dĩ An",Bình Dương
120,"Coop Mart Binh
Duong","Coop Mart Binh Duong 30 tháng 4
P.Chánh Nghĩa TP.Thủ Dầu Một",Bình Dương
121,Bình Dương Square,"1 Phú Lợi P.Phú Lợi TP.Thủ Dầu
Một",Bình Dương
122,"Nguyen Van Tiet Binh
Duong","80 Nguyễn Văn Tiết P.Lái Thiêu
TP.Thuận An",Bình Dương
123,"540 Dai Lo Binh
Duong","540 Đại Lộ Bình Dương P.Hiệp
Thành TP.Thủ Dầu Một",Bình Dương
124,Phan Dinh Phung BD,"43 Phan Đình Phùng P.Lái Thiêu
TP.Thuận An",Bình Dương
125,"Ly Thuong Kiet Binh
Duong","5 Lý Thường Kiệt P.Dĩ An TP.Dĩ
An",Bình Dương
126,"Vincom Plaza Di An
Binh Duong","Vincom Plaza Dĩ An Bình Dương
Tỉnh lộ 743 P.Dĩ An TP.Dĩ An",Bình Dương
127,Midori Park BDG,"H8 Tạo Lực 5 P.Hòa Phú TP.Thủ
Dầu Một",Bình Dương
128,Nguyen An Ninh BDG,"232 Nguyen An Ninh P.Dĩ An
TP.Dĩ An",Bình Dương
129,Phu Loi BDG,"265 Phú Lợi P.Phú Lợi TP.Thủ
Dầu Một",Bình Dương
130,Vincom - Can Tho,"2 Hùng Vương P.Thới Bình
Q.Ninh Kiều",Cần Thơ
131,Lotte Can Tho,"84 Mậu Thân P.An Hòa Q.Ninh
Kiều",Cần Thơ
132,"Vincom Xuan Khanh -
CT","209 Ba Mươi Tháng Tư P.Xuân
Khánh Q.Ninh Kiều",Cần Thơ
133,"No.1 Ba Thang Hai -
Can Tho","01 Ba Tháng Hai P.Xuân Khánh
Q.Ninh Kiều",Cần Thơ
134,"Nguyen Van Cu Can
Tho","398R Nguyễn Văn Cừ P.An Khánh
Q.Ninh Kiều",Cần Thơ
135,TTC Hotel Can Tho,"02 Hai Bà Trưng P.Tân An Q.Ninh
Kiều",Cần Thơ
136,Vincom - Bien Hoa,"1906 Phạm Văn Thuận P.Tân Mai
TP.Biên Hòa",Đồng Nai
137,210 No. 5 Bien Hoa,"210/5 Đường số 5 P.Tân Tiến
TP.Biên Hòa",Đồng Nai
138,BIG C - DONG NAI,"TTTM Big C Ngã 3 Vũng Tàu
P.Long Bình Tân TP.Biên Hòa",Đồng Nai
139,Dong Nai Hotel,"57 Phạm Văn Thuận P.Tân Mai
TP.Biên Hòa",Đồng Nai
140,Vo Thi Sau - BH,"K24 Võ Thị Sáu P.Thống Nhất
TP.Biên Hòa",Đồng Nai
141,"Le Duan Long Thanh
Dong Nai","299 Lê Duẩn TT.Long Thành
H.Long Thành",Đồng Nai
142,"Pham Van Thuan
Dong Nai","707 Phạm Văn Thuận P.Tam Hiệp
TP.Biên Hòa",Đồng Nai
143,Lotte Mart Dong Nai,"B3, Amata Quốc lộ 1A P.Long
Bình TP.Biên Hòa",Đồng Nai
144,"8C1 Dong Khoi Bien
Hoa","8C1 Đồng Khởi P.Tân Hiệp
TP.Biên Hòa",Đồng Nai
145,"Ba Thang Hai Dong
Nai","10 Ba Tháng Hai TT.Trảng Bom
H.Trảng Bom",Đồng Nai
146,Nha Trang Center,"20 Trần Phú P.Lộc Thọ TP.Nha
Trang",Khánh Hòa
147,Lotte Nha Trang,"58 23 Tháng 10 P.Phương Sơn
TP.Nha Trang",Khánh Hòa
148,"Vien Dong Hotel - Nha
Trang","15 Trần Hưng Đạo P.Lộc Thọ
TP.Nha Trang",Khánh Hòa
149,"Citadine Hotel - Nha
Trang","62 Trần Phú P.Lộc Thọ TP.Nha
Trang",Khánh Hòa
150,"Vincom Plaza Nha
Trang","44-46 Lê Thánh Tôn P.Lộc Thọ
TP.Nha Trang",Khánh Hòa
151,"Han Thuyen Nha
Trang","12 Hàn Thuyên P.Xương Huân
TP.Nha Trang",Khánh Hòa
152,"VietSky Hotel Nha
Trang","8 Lê Đại Hành P.Tân Lập TP.Nha
Trang",Khánh Hòa
153,Star City Nha Trang,"74 Trần Phú P.Lộc Thọ TP.Nha
Trang",Khánh Hòa
154,"Florida Hotel Nha
Trang","66 Quang Trung P.Vạn Thắng
TP.Nha Trang",Khánh Hòa
155,Da Tuong Nha Trang,"105 Dã Tượng P.Vĩnh Nguyên
TP.Nha Trang",Khánh Hòa
156,Le Hong Phong NT,"108 Lê Hồng Phong P.Phước Hải
TP.Nha Trang",Khánh Hòa
157,Hai Thang Tu NT,"112 Hai Tháng Tư P.Vĩnh Phước
TP.Nha Trang",Khánh Hòa
158,"Le Thanh Phuong Nha
Trang","53 Lê Thành Phương P.Vạn Thắng
TP.Nha Trang",Khánh Hòa
159,Vinh Diem Trung NT,"Lô 95 Đường A1, Vĩnh Điềm
Trung P.Vĩnh Phước TP.Nha
Trang",Khánh Hòa
160,"Kim Minh Plaza -
Vung Tau","54 Trần Hưng Đạo P.1 TP.Vũng
Tàu","Bà Rịa - Vũng
Tàu"
161,"Nguyen Thai Hoc -
Vung Tau","6 Nguyễn Thái Học P.7 TP.Vũng
Tàu","Bà Rịa - Vũng
Tàu"
162,Hoang Hoa Tham - VT,"148 Hoàng Hoa Thám P.2
TP.Vũng Tàu","Bà Rịa - Vũng
Tàu"
163,Tan Hoang Mao - VT,"1215C - 1215D Bạch Đằng
P.Phước Trung TP.Bà Rịa","Bà Rịa - Vũng
Tàu"
164,"Le Hong Phong - Vung
Tau","304 Lê Hồng Phong P.4 TP.Vũng
Tàu","Bà Rịa - Vũng
Tàu"
165,"KNG Phu My Vung
Tau","KNG Mall QL51 P.Phú Mỹ
TX.Phú Mỹ","Bà Rịa - Vũng
Tàu"
166,Lotte Mart Vung Tau,"Lotte Mart Vũng Tàu, 28 Ba
Tháng Hai P.8 TP.Vũng Tàu","Bà Rịa - Vũng
Tàu"
167,Ha Long Vung Tau,150 Hạ Long P.2 TP.Vũng Tàu,"Bà Rịa - Vũng
Tàu"
168,Hai Ba Trung Da Lat,01-03 Hai Bà Trưng P.6 TP.Đà Lạt,Lâm Đồng
169,Vincom - Da Nang,"910A Ngô Quyền P.An Hải Bắc
Q.Sơn Trà",Đà Nẵng
170,Indochina Da Nang,"74 Bạch Đằng P.Hải Châu 1 Q.Hải
Châu",Đà Nẵng
171,"Opera HAGL - Da
Nang","1 Nguyễn Văn Linh P.Nam Dương
Q.Hải Châu",Đà Nẵng
172,Lotte Mart Da Nang,"6 Nại Nam P.Hòa Cường Bắc
Q.Hải Châu",Đà Nẵng
173,Dien Bien Phu - DNG,"239 Đện Biên Phủ P.Hòa Khê
Q.Thanh Khê",Đà Nẵng
174,"Nguyen Huu Tho - Da
Nang","263 Nguyễn Hữu Thọ P.Khuê
Trung Q.Cẩm Lệ",Đà Nẵng
175,Tran Phu Da Nang,"214-216 Trần Phú P.Phước Ninh
Q.Hải Châu",Đà Nẵng
176,"Dang Thuy Tram Da
Nang","9 Đặng Thùy Trâm P.Hòa Thuận
Tây Q.Hải Châu",Đà Nẵng
177,Nui Thanh Da Nang,"179 Núi Thành P.Hòa Cường Bắc
Q.Hải Châu",Đà Nẵng
178,VTV8 Da Nang,"258 Bạch Đằng P.Phước Ninh
Q.Hải Châu",Đà Nẵng
179,"Nguyen Van Thoai Da
Nang","93-95 Nguyễn Văn Thoại P.An Hải
Đông Q.Sơn Trà",Đà Nẵng
180,"Phan Chu Trinh Da
Nang","185-185A Phan Châu Trinh
P.Phước Ninh Q.Hải Châu",Đà Nẵng
181,Azura Da Nang,"339 Trần Hưng Đạo P.An Hải Bắc
Q.Sơn Trà",Đà Nẵng
182,"Nguyen Van Linh Da
Nang","338 Nguyễn Văn Linh P.Thạc Gián
Q.Thanh Khê",Đà Nẵng
183,"Dai Hoc Su Pham Da
Nang","459 Tôn Đức Thắng P.Hòa Khánh
Nam Q.Liên Chiểu",Đà Nẵng
184,Ong Ich Khiem DNG,"203 Ông Ích Khiêm P.Thạch
Thang Q.Hải Châu",Đà Nẵng
185,Ngo Van So DNG,"68 –70 Ngô Văn Sở P.Hòa Khánh
Nam Q.Liên Chiểu",Đà Nẵng
186,Ton Duc Thang DNG,"277 Tôn Đức Thắng P.Hòa Minh
Q.Liên Chiểu",Đà Nẵng
187,Vincom Plaza - Hue,"50 Hùng Vượng P.Phú Nhuận
TP.Huế",Thừa Thiên Huế
188,Imperial Hotel Hue,8 Hùng Vượng P.Phú Hội TP.Huế,Thừa Thiên Huế
189,Park View Hotel Hue,9 Ngô Quyền P.Vĩnh Ninh TP.Huế,Thừa Thiên Huế
190,TNL Plaza Hue,"6 Trần Hưng Đạo P.Phú Hòa
TP.Huế",Thừa Thiên Huế
191,Nguyen Hue Hue,"8 Nguyễn Huệ P.Vĩnh Ninh
TP.Huế",Thừa Thiên Huế
192,"Hoang Dieu - Quang
Nam","6 Hoàng Diệu P.Minh An TP.Hội
An",Quảng Nam
193,"Vinh Hung Hotel
Quang Nam","121 Bà Triệu P.Cẩm Phô TP.Hội
An",Quảng Nam
194,"Coopmart Tam Ky
Quang Nam","7 Phan Châu Trinh P.Phước Hòa
TP.Tam Kỳ",Quảng Nam
195,Nguyen Cao Bac Ninh,"33 Nguyễn Cao P.Ninh Xá TP.Bắc
Ninh",Bắc Ninh
196,"Vincom Plaza Bac
Ninh","Tầng 1, TTTM Vincom Plaza Bắc
Ninh Trần Hưng Đạo P.Ninh Xá
TP.Bắc Ninh",Bắc Ninh
197,Mandala Hotel BN,"Tầng 1, Mandala Hotel Kinh
Dương Vương P.Suối Hoa TP.Bắc
Ninh",Bắc Ninh
198,Tu Son Super Market,"105 Phố Mới P.Đông Ngàn TX.Từ
Sơn",Bắc Ninh
199,Vincom Ha Nam,"Tầng 1, Vincom Plaza, 42 Biên
Hòa P.Minh Khai TP.Phủ Lý",Hà Nam
200,Flag Tower,"28A Điện Biên Phủ P.Điện Biên
Q.Ba Đình",Hà Nội
201,Lo Duc - Ha Noi,"127 Lò Đúc P.Đống Mác Q.Hai Bà
Trưng",Hà Nội
202,"Somerset Hoa Binh
HN","106 Hoàng Quốc Việt P.Nghĩa Đô
Q.Cầu Giấy",Hà Nội
203,Ho Guom HN,"T1, Hồ Gươm Plaza, 1-3-5 Đinh
Tiên Hoàng P.Hàng Bạc Q.Hoàn
Kiếm",Hà Nội
204,Big C HN,"222 Trần Duy Hưng P.Trung Hòa
Q.Cầu Giấy",Hà Nội
205,Opera GF HN,"1 Tràng Tiền P.Tràng Tiền Q.Hoàn
Kiếm",Hà Nội
206,Quan Thanh - HN,"23 Quán Thánh P.Quán Thánh
Q.Ba Đình",Hà Nội
207,VTC Online - HN,"Tầng 1, Tòa nhà VTC Online, 18
Tam Trinh P.Mai Động Q.Hoàng
Mai",Hà Nội
208,"Ho Guom Plaza Ha
Dong","104 Trần Phú P.Mộ Lao Q.Hà
Đông",Hà Nội
209,Handico Ha Noi,"Tầng 1, Tòa nhà Handico Phạm
Hùng P.Mễ Trì Q.Nam Từ Liêm",Hà Nội
210,Royal City - HN,"B2 Floor, 72A Nguyễn Trãi
P.Thượng Đình Q.Thanh Xuân",Hà Nội
211,"Savina Trang Tien -
HN","44 Tràng Tiền P.Tràng Tiền
Q.Hoàn Kiếm",Hà Nội
212,Chelsea Park Ha Noi,"Tầng 1, Toà nhà E1 Chelsea Park,
116 Trung Kính P.Yên Hòa Q.Cầu
Giấy",Hà Nội
213,Pullman - HN,"40 Cát Linh P.Cát Linh Q.Đống
Đa",Hà Nội
214,Le Duan - Ha Noi,"129 Lê Duẩn P.Cửa Nam Q.Hoàn
Kiếm",Hà Nội
215,VTV Outside - Ha Noi,"43 Nguyễn Chí Thanh P.Ngọc
Khánh Q.Ba Đình",Hà Nội
216,Sun Square - HN,"21 Lê Đức Thọ P.Mỹ Đình 2
Q.Nam Từ Liêm",Hà Nội
217,Fivi Mart - Ha Dong,"8 Quang Trung P.Quang Trung
Q.Hà Đông",Hà Nội
218,Rose Garden - HN,"170 Ngọc Khánh P.Thành Công
Q.Ba Đình",Hà Nội
219,SME Hoang Gia - HN,"Tầng 1, Tòa nhà SME Hoang Gia,
12 Tô Hiệu P.Quang Trung Q.Hà
Đông",Hà Nội
220,Fivimart My Dinh,"Tầng 1, Tòa nhà Thien Son Plaza,
89 Lê Đức Thọ P.Mỹ Đình 2
Q.Nam Từ Liêm",Hà Nội
221,Park Hill 8,"Tầng 1, Nhà chung cư P08, Khu đô
thị Park Hill Minh Khai P.Vĩnh
Tuy Q.Hai Bà Trưng",Hà Nội
222,Muong Thanh Xa La,"66 Phúc La Văn Phú P.Phúc La
Q.Hà Đông",Hà Nội
223,Ho Guom Kiosk - HN,"1-3-5-7 Đinh Tiên Hoàng P.Hàng
Bạc Q.Hoàn Kiếm",Hà Nội
224,Vincom Ba Trieu 5F,"Tầng 5, Vincom Plaza, 191 Bà
Triệu P.Lê Đại Hành Q.Hai Bà
Trưng",Hà Nội
225,ECOLIFE - Ha Noi,"58 Tố Hữu P.Trung Văn Q.Nam
Từ Liêm",Hà Nội
226,New Horizon - Ha Noi,"87 Lĩnh Nam P.Mai Động
Q.Hoàng Mai",Hà Nội
227,Bach Khoa University,"91 Trần Đại Nghĩa P.Bách Khoa
Q.Hai Bà Trưng",Hà Nội
228,"Vinhome Gardenia -
HN","Vinhome Gardenia, 12B Mỹ Đình
P.Cầu Diễn Q.Nam Từ Liêm",Hà Nội
229,"Fivimart Trang An -
HN","1 Phùng Chí Kiên P.Nghĩa Đô
Q.Cầu Giấy",Hà Nội
230,Green Star - Ha Noi,"232 Phạm Văn Đồng P.Cổ Nhuế 1
Q.Bắc Từ Liêm",Hà Nội
231,Airimex - Ha Noi,"414 Nguyễn Văn Cừ P.Bồ Đề
Q.Long Biên",Hà Nội
232,"BT5 Van Quan - Ha
Noi","BT5, Khu đô thị mới Văn Quán
Nguyễn Khuyến P.Văn Quán Q.Hà
Đông",Hà Nội
233,Five Star Kim Giang,"2 Kim Giang P.Kim Giang
Q.Thanh Xuân",Hà Nội
234,"Truong Dinh Plaza -
HN","461 Trương Định P.Tương Mai
Q.Hoàng Mai",Hà Nội
235,Machinco - Ha Noi,10 Trần Phú P.Mộ Lao Q.Hà Đông,Hà Nội
236,"Hoang Thanh Tower
Ha Noi","114 Mai Hắc Đế P.Lê Đại Hành
Q.Hai Bà Trưng",Hà Nội
237,Nguyen Trai Ha Noi,"495 Nguyễn Trãi P.Thanh Xuân
Nam Q.Thanh Xuân",Hà Nội
238,Rivera Park Ha Noi,"69 Vũ Trọng Phụng P.Thanh Xuân
Trung Q.Thanh Xuân",Hà Nội
239,Kiosk Ho Tay Ha Noi,"614 Lạc Long Quân P.Nhật Tân
Q.Tây Hồ",Hà Nội
240,Ho Tay Water Park,"614 Lạc Long Quân P.Nhật Tân
Q.Tây Hồ",Hà Nội
241,Star City Ha Noi,"81 Lê Văn Lương P.Nhân Chính
Q.Thanh Xuân",Hà Nội
242,Gelex Tower Ha Noi,"52 Lê Đại Hành P.Lê Đại Hành
Q.Hai Bà Trưng",Hà Nội
243,"Tran Nhan Tong Ha
Noi","48 Trần Nhân Tông P.Nguyễn Du
Q.Hai Bà Trưng",Hà Nội
244,The K Part Ha Noi,"Tầng 1, The K Park Lê Trọng Tấn
P.La Khê Q.Hà Đông",Hà Nội
245,Vincom Lieu Giai B1,"Tầng B1, Tầng hầm B1, TTTM
Vincom Plaza, 29 Liễu Giai
P.Ngọc Khánh Q.Ba Đình",Hà Nội
246,"Vinmart Tay Ho Ha
Noi","689 Lạc Long Quân P.Phú Thượng
Q.Tây Hồ",Hà Nội
247,TNR Tower Ha Noi,"54A Nguyễn Chí Thanh P.Láng
Thượng Q.Đống Đa",Hà Nội
248,Ciputra Club Ha Noi,"Tầng 1, Khu đô thị Ciputra Phạm
Văn Đồng P.Xuân Đỉnh Q.Bắc Từ
Liêm",Hà Nội
249,115 Quan Thanh,"115 Quán Thánh P.Quán Thánh
Q.Ba Đình",Hà Nội
250,Vinhome Green Bay,"Tầng 1, Vinhome Green Bay, 07
Đại Lộ Thăng Long P.Mễ Trì
Q.Nam Từ Liêm",Hà Nội
251,VINCOM SKY LAKE,"Tầng 1, Vincom Sky Lake Phạm
Hùng P.Mễ Trì Q.Nam Từ Liêm",Hà Nội
252,Lam Vien Complex,"107 Nguyễn Phong Sắc P.Dịch
Vọng Hậu Q.Cầu Giấy",Hà Nội
253,HPC Landmark,105 La Khê P.La Khê Q.Hà Đông,Hà Nội
254,145 Trung Hoa,"145 Trung Hòa P.Yên Hòa Q.Cầu
Giấy",Hà Nội
255,129 Thai Thinh,"129 Thái Thịnh P.Thịnh Quang
Q.Đống Đa",Hà Nội
256,"Vinhome Star City Ha
Noi","Tầng 1, Vinhome Star City Hà Nội
Trần Duy Hưng P.Trung Hòa
Q.Cầu Giấy",Hà Nội
257,Hang Bac Ha Noi,"1 Hàng Bạc P.Hàng Bạc Q.Hoàn
Kiếm",Hà Nội
258,The Manor 2 Ha Noi,"Tầng 1, Tòa nhà The Manor Mễ
Trì P.Mỹ Đình 1 Q.Nam Từ Liêm",Hà Nội
259,Golden Heart Ha Noi,"Tầng 1, Khu đô thị Kim Văn Kim
Lũ Nguyễn Xiển P.Đại Kim
Q.Hoàng Mai",Hà Nội
260,"FLC 36 Pham Hung
Ha Noi","FLC Complex, 36 Phạm Hùng
P.Mỹ Đình 2 Q.Nam Từ Liêm",Hà Nội
261,Ocean Park Ha Noi,"1 Đào Duy Anh P.Kim Liên
Q.Đống Đa",Hà Nội
262,Happy Boat Ha Noi,"9 Thanh Niên P.Quán Thánh Q.Ba
Đình",Hà Nội
263,South Building Ha Noi,"Tầng 1, Tòa nhà South Building
Pháp Vân P.Hoàng Liệt Q.Hoàng
Mai",Hà Nội
264,"KOSMO Tay Ho Ha
Noi","Tầng 1, Tòa nhà KOSMO Xuân La
P.Xuân Đỉnh Q.Bắc Từ Liêm",Hà Nội
265,"Ban Dao Linh Dam Ha
Noi","23BT2 Bán Đảo Linh Đàm
P.Hoàng Liệt Q.Hoàng Mai",Hà Nội
266,"Vincom Pham Ngoc
Thach Ha Noi","Tầng 1, TTTM Vincom Plaza, 2
Phạm Ngọc Thạch P.Kim Liên
Q.Đống Đa",Hà Nội
267,Lang Viet Kieu Ha Noi,"Villa16B5.01 Nguyễn Văn Lộc
P.Mộ Lao Q.Hà Đông",Hà Nội
268,PVI Tower Ha Noi,"Tầng 1, Tòa nhà PVI Tower, 01
Phạm Văn Bạch P.Yên Hòa Q.Cầu
Giấy",Hà Nội
269,"Gamuda Gardens Ha
Noi","Tầng 1, 29 Gamuda Gardens 2-2
P.Trần Phú Q.Hoàng Mai",Hà Nội
270,"Imperia Garden Ha
Noi","203 Nguyễn Huy Tưởng P.Thanh
Xuân Trung Q.Thanh Xuân",Hà Nội
271,Time City Ha Noi,"Tầng 1, TTTM Time City, 458
Minh Khai P.Vĩnh Tuy Q.Hai Bà
Trưng",Hà Nội
272,"17T4 Hoang Dao Thuy
Ha Noi","Tầng 1, Tòa nhà 17T4 Hoàng Đạo
Thúy P.Trung Hòa Q.Cầu Giấy",Hà Nội
273,CTM Cau Giay Ha Noi,"299 Cầu Giấy P.Dịch Vọng Q.Cầu
Giấy",Hà Nội
274,Eco City Ha Noi,"Lô CT-21B, Khu đô thị mới Việt
Hưng Đào Văn Tập P.Giang Biên
Q.Long Biên",Hà Nội
275,Euro Windows HN,"27 Trần Duy Hưng P.Trung Hòa
Q.Cầu Giấy",Hà Nội
276,Kim Ma Ha Noi,"543-545 Kim Mã P.Ngọc Khánh
Q.Ba Đình",Hà Nội
277,Charmvit Tower HN,"117 Trần Duy Hưng P.Trung Hòa
Q.Cầu Giấy",Hà Nội
278,"Vinhomes Ocean Park
HN","SB22 Sao Biển X.Dương Xá H.Gia
Lâm",Hà Nội
279,The Light HN,"Tầng 1, Tòa nhà The Light Tố Hữu
P.Trung Văn Q.Nam Từ Liêm",Hà Nội
280,Gold Tower HN,"275 Nguyễn Trãi P.Thanh Xuân
Trung Q.Thanh Xuân",Hà Nội
281,Phan Chu Trinh HN,"16 Phan Chu Trinh P.Phan Chu
Trinh Q.Hoàn Kiếm",Hà Nội
282,Cung Thieu Nhi HD,"2 Hoàng Hoa Thám P.Nguyễn Trãi
TP.Hải Dương",Hải Dương
283,Huu Nghi - Hai Phong,"60A Điện Biên Phủ P.Minh Khai
Q.Hồng Bàng",Hải Phòng
284,Vincom - Hai Phong,"2-4 Lê Thánh Tông P.Máy Tơ
Q.Ngô Quyền",Hải Phòng
285,Tran Phu - Hai Phong,"32 Trần Phú P.Cầu Đất Q.Ngô
Quyền",Hải Phòng
286,Sholega Hai Phong,"275 Lạch Tray P.Đằng Giang
Q.Ngô Quyền",Hải Phòng
287,"Vien Thong A Hai
Phong","2 Phạm Minh Đức P.Máy Tơ
Q.Ngô Quyền",Hải Phòng
288,"Quang Trung - Hai
Phong","28A Quang Trung P.Hoàng Văn
Thụ Q.Hồng Bàng",Hải Phòng
289,"Shophouse Imperial
HP","BH02-08 Vinhomes Imperial Hải
Phòng, 01 Bạch Đặng P.Thượng
Lý Q.Hồng Bàng",Hải Phòng
290,Vincom Imperia HP,"Lô L1-08, tầng L1, TTTM Vincom
Plaza Imperia Hải Phòng, 01 Bạch
Đặng P.Thượng Lý Q.Hồng Bàng",Hải Phòng
291,178 Van Cao,"178 Văn Cao P.Đằng Giang Q.Ngô
Quyền",Hải Phòng
292,Le Hong Phong HP,"2A Lê Hồng Phong P.Đông Khê
Q.Ngô Quyền",Hải Phòng
293,Vincom Lang Son,"Tầng 1, Vincom Plaza Hùng
Vương P.Chi Lăng TP.Lạng Sơn",Lạng Sơn
294,BigC - Vinh,"Tầng 1, TTTM Big C, 02 Quang
Trung P.Quang Trung TP.Vinh",Nghệ An
295,Huu Nghi - Vinh,74 Lê Lợi P.Hưng Bình TP.Vinh,Nghệ An
296,Vinh Center,"69 Hồ Tùng Mậu P.Trường Thi
TP.Vinh",Nghệ An
297,City Hub Vinh,"1 Lê Hồng Phong P.Hưng Bình
TP.Vinh",Nghệ An
298,Cong Vien Vinh,2 Lê Mao P.Lê Mao TP.Vinh,Nghệ An
299,"Hung Vuong Viet Tri
PT","1606A Hùng Vương P.Gia Cẩm
TP.Việt Trì",Phú Thọ
300,BigC Ha Long,"Tầng 1, TTTM Big C, 600 Nguyễn
Văn Cừ P.Hồng Hải TP.Hạ Long",Quảng Ninh
301,Golden Bay - QN,"Tầng 1, TTTM Trần Hưng Đạo
Trần Hưng Đạo P.Trần Hưng Đạo
TP.Hạ Long",Quảng Ninh
302,"Vincom Ha Long 2
QN","Tầng 1, Vincom Plaza Trần Quốc
Nghiễn P.Bạch Đằng TP.Hạ Long",Quảng Ninh
303,Ha Long Marina,"Cảng Bãi Cháy P.Bãi Cháy TP.Hạ
Long",Quảng Ninh
304,"Vinhomes Dragon Ha
Long","HG01-01, Khu dịch vụ cao cấp
Bến Đoan, 01 Hoàng Gia P.Hồng
Gai TP.Hạ Long",Quảng Ninh
305,"Vincom Cam Pha
Quang Ninh","Tầng 1, TTTM Vincom Cẩm Phả
Lê Thanh Nghị P.Cẩm Bình
TP.Cẩm Phả",Quảng Ninh
306,"FCC Tower Thai
Nguyen","64 Hoàng Văn Thụ P.Hoàng Văn
Thụ TP.Thái Nguyên",Thái Nguyên
307,PICO Thanh Hoa,"240 Lê Hoàn P.Ba Đình TP.Thanh
Hóa",Thanh Hóa
308,"Vincom Shouse Thanh
Hoa","Tầng 1, Vincom shophouse Điện
Biên, 27 Trần Phú P.Điện Biên
TP.Thanh Hóa",Thanh Hóa
309,"Vincom Plaza Thanh
Hoa","Tầng 1, Vincom Plaza Triệu Quốc
Đạt P.Lam Sơn TP.Thanh Hóa",Thanh Hóa
310,"Dong Xuyen Hotel An
Giang","9A Lương Văn Cù P.Mỹ Long
TP.Long Xuyên",An Giang
311,"Tran Hung Dao LX An
Giang","1224 Trần Hưng Đạo P.Mỹ Bình
TP.Long Xuyên",An Giang
312,Vincom Plaza Tan An,"TTTM Vincom Plaza, L1-06 +L1-
06A Hùng Vương P.2 TP.Tân An",Long An
313,"Quoc Lo 62 Tan An
LA",45 QL62 P.2 TP.Tân An,Long An
314,"GoMall My Tho Tien
Giang","Gian hàng S22, 545 Lê Văn Phẩm
P.5 TP.Mỹ Tho",Tiền Giang
315,"Nam Ky Khoi Nghia
My Tho TG","86 Nam Kỳ Khởi Nghĩa P.1
TP.Mỹ Tho",Tiền Giang
316,"Coop Mart My Tho
Tien Giang",35 Ấp Bắc P.5 TP.Mỹ Tho,Tiền Giang
317,Coop Mart Vinh Long,"26 Ba Tháng Hai P.1 TP.Vĩnh
Long",Vĩnh Long
318,Vincom Vinh Long,"55 Phạm Thái Bường P.4 TP.Vĩnh
Long",Vĩnh Long
319,"Ben Xe Mien Tay
HCM","395 Kinh Dương Vương P.An Lạc
Q.Bình Tân",TP.HCM
320,Bui Thi Xuan HCM,"46-48 Bùi Thị Xuân P.Bến Thành
Q.1",TP.HCM
321,Le Van Khuong HCM,"33 Lê Văn Khương P.Tân Thới
Hiệp Q.12",TP.HCM
322,ECOPARK,"Lot 1A-02-18 Khu Đô Thị Ecopark
X.Xuân Quan H.Văn Giang",Hưng Yên
323,Ecopark 2,"189 Marina Residences, Khu Đô
Thi Ecopark X.Phụng Công H.Văn
Giang",Hưng Yên
324,"Victory Plaza - Thai
Binh","392 Lý Bôn P.Trần Hưng Đạo
TP.Thái Bình",Thái Bình
325,"Vincom Plaza Thai
Binh","460 Lý Bôn P.Đề Thám TP.Thái
Bình",Thái Bình
326,Nam Dinh Tower,"91 Điện Biên P.Cửa Bắc TP.Nam
Định",Nam Định
327,Nguyen Du Nam Dinh,"151 Nguyễn Du P.Vị Hoàng
TP.Nam Định",Nam Định
328,"Vincom Plaza Viet Tri
Phu Tho","2 Hùng Vương P.Tiên Cát TP.Việt
Trì",Phú Thọ
329,Bach Dang Hai Phong,"1 Bạch Đằng TT.Núi Đèo H.Thủy
Nguyên",Hải Phòng
330,"Tran Phu Vinh Yen
Vinh Phuc","Trần Phú P.Liên Bảo TP.Vĩnh
Yên",Vĩnh Phúc
331,Vincom Ha Tinh,"Vincom Plaza Hà Tĩnh Hà Huy
Tập P.Nam Hà TP.Hà Tĩnh",Hà Tĩnh
332,T1 Noi Bai Ha Noi,"T1 Sân bay Quốc Tế Nội Bài
X.Phú Minh H.Sóc Sơn",Hà Nội
333,D8 T1 Noi Bai Ha Noi,"D8T1 Sân bay Quốc Tế Nội Bài
X.Phú Minh H.Sóc Sơn",Hà Nội
334,"A3 T1 Noi Bai Airport
HN","A3T1 Sân bay Quốc Tế Nội Bài
X.Phú Minh H.Sóc Sơn",Hà Nội
335,VTV Hanoi,"Tầng 1, Trung Tâm Đài TH Viet
Nam, 43 Nguyễn Chí Thanh
P.Ngọc Khánh Q.Ba Đình",Hà Nội
336,"Tran Hung Dao Phan
Thiet","153 Trần Hưng Đạo P.Phú Thủy
TP.Phan Thiết",Bình Thuận
337,Hung Vuong Phu Quoc,"10A Hùng Vương P.Dương Đông
TP.Phú Quốc",Kiên Giang
338,"Vinwonder Phu Quoc
KG","Khu vui chơi giải trí VinWonders
X.Gành Dầu TP.Phú Quốc",Kiên Giang
339,"Nguyen Hue Binh
Dinh","162A Nguyễn Huệ P.Trần Phú
TP.Quy Nhơn",Bình Định
340,Pham Hung Quy Nhon,"100 Phạm Hùng P.Lý Thường
Kiệt TP.Quy Nhơn",Bình Định
341,"An Phu Thinh Quy
Nhon","78 Phan Bội Châu P.Lê Lợi
TP.Quy Nhơn",Bình Định
342,Vincom Quang Ngai,"26 Lê Thánh Tôn P.Nghĩa Chánh
TP.Quảng Ngãi",Quảng Ngãi
343,"Monbay Urban Ha
Long QN","A14-16 Khu đô thị mới hiện đại
phía đông Hòn Cặp Bè P.Hồng Hải
TP.Hạ Long",Quảng Ninh
344,"98 Ngo Gia Tu - Bac
Giang","98 Ngô Gia Tự P.Ngô Quyền
TP.Bắc Giang",Bắc Giang
345,Eco Home 3 HN,"Eco Home 3 Tân Xuân P. Đông
Ngạc Q.Bắc Từ Liêm",Hà Nội
346,DEldorado Tay Ho HN,"659A Lạc Long Quân P. Xuân La
Q.Tây Hồ",Hà Nội
347,Vincom Soc Trang,"L1-07 & L1-07A, Tầng 1, TTTM
Vincom Plaza Sóc Trăng, Số 22
Trần Hưng Đạo P.2 TP.Sóc Trăng",Sóc Trăng
348,Sora II BDG,"Block 05, Tầng trệt, Tòa nhà Sora
Gardens II, Lô C17 Đại Lộ Hùng
Vương P.Hòa Phú TP.Thủ Dầu
Một",Bình Dương
349,Go Mall Hue,174 Bà Triệu P.Phú Nhuận TP.Huế,Thừa Thiên Huế
350,"Nguyen Binh Khiem
HCM","29/1 Nguyễn Bỉnh Khiêm P.Đa
Kao Q.1",TP.HCM
351,To Ngoc Van HCM,"236 Tô Ngọc Vân P.Linh Đông
TP.Thủ Đức",TP.HCM
352,Eco Lakeview HN,"SH5B-HH3, Eco Lake View, 32
Đại Từ P.Đại Kim Q.Hoàng Mai",Hà Nội
353,Airport Cat Bi HP,"Sân Bay Cát Bi Lê Hồng Phong
P.Thành Tô Q.Hải An",Hải Phòng
354,Vinfast Hai Phong,"Khu Kinh tế Đình Vũ - Cát Hải
Đảo Cát Hải TT.Cát Hải H.Cát Hải",Hải Phòng
355,Go Mall Ba Ria VT,"2A Nguyễn Đình Chiểu P.Phước
Hiệp TP.Bà Rịa","Bà Rịa - Vũng
Tàu"
356,Go Mall Thai Binh,"Tầng 1, Go! Mall Thai Binh Trần
Thái Tông P.Phú Khánh TP.Thái
Bình",Thái Bình
357,Pham Van Nghi HCM,"R1-25 Phạm Văn Nghị P.Tân
Phong Q.7",TP.HCM
358,"Nguyen Thai Son
HCM","262 Nguyễn Thái Sơn P.4 Q.Gò
Vấp",TP.HCM
359,Kha Van Can HCM,"891 Kha Vạn Cân P.Linh Tây
TP.Thủ Đức",TP.HCM
360,Sense City - Can Tho,"1 Đại Lộ Hòa Bình P.Tân An
Q.Ninh Kiều",Cần Thơ
361,Lotte Mart - BD,"Lotte Mart Quốc Lộ 13 P.Lái
Thiêu TP.Thuận An",Bình Dương
362,Dai Hoc Hutech HCM,"475A Điện Biên Phủ P.25 Q.Bình
Thạnh",TP.HCM
363,Cao Lo HCM,206-208 Cao Lỗ P.4 Q.8,TP.HCM
364,Sarica Sala HCM,6 D9 P.An Lợi Đông TP.Thủ Đức,TP.HCM
365,Vung Tau Center,"93 Lê Lợi P.Thắng Nhì TP. Vũng
Tàu","Bà Rịa - Vũng
Tàu"
366,Dai Hoc FPT HN,"Canteen,
Đại học FPT Khu Công nghệ Cao
Hòa Lạc P.Thạch Hòa Q.Thạch
Thất",Hà Nội
367,Sun Grand City HN,"3 Lương Yên P.Bạch Đằng Q.Hai
Bà Trưng",Hà Nội
368,"A1 Nguyen Co Thach
HN","Kiosk A1-1,
Tòa A1, Số 18 Nguyễn Cơ Thạch
P.Cầu Diễn Q.Nam Từ Liêm",Hà Nội
369,Essensia HN,"Km 10+600 Đại Lộ Thăng Long
P.An Khánh Q.Hoài Đức",Hà Nội
370,"VH Ocean Park Da
Ton","SH 20+21 S203 Khu đô thị Gia
Lâm Vinhomes Ocean Park P.Đa
Tốn Q.Gia Lâm",Hà Nội
371,"Dai Hoc Hutech D9
HCM","Hi-tech Park Xa Lộ Hà Nội P.Hiệp
Phú TP.Thủ Đức",TP.HCM
372,1B Pho Quang HCM,1B Phổ Quang P.2 Q.Tân Bình,TP.HCM
373,Ly Tu Trong HCM,71 Lý Tự Trọng P.Bến Thành Q.1,TP.HCM
374,"Nguyen Duy Trinh
HCM","230 Nguyễn Duy Trinh Bình
Trưng Tây TP.Thủ Đức",TP.HCM
375,Tran Hung Dao DNG,"517 Trần Hưng Đạo P.An Hải Tây
Q.Sơn Trà",Đà Nẵng
376,Go Mall Bac Giang,"Go Mall Bắc Giang Tây Yên Tử
P.Tân Tiến TP.Bắc Giang",Bắc Giang
377,Noi Bai Airport,"Tầng 4, T2 Sân bay Quốc Tế Nội
Bài X.Phú Minh H.Sóc Sơn",Hà Nội
378,"Nguyen Tat Thanh
HCM","194-196 Nguyễn Tất Thành P.13
Q.4",TP.HCM
379,AB Tower HCM,76A Lê Lai P.Bến Thành Q.1,TP.HCM
380,Vincom Cao Lanh,5 30 Tháng 4 P.1 TP.Cao Lãnh,Đồng Tháp
381,Vin Smart City HN,"Vincom Smart City Khu đô thị mới
Tây Mỗ - Đại Mỗ - Vinhomes Part
P.Đại Mỗ Q.Nam Từ Liêm",Hà Nội
382,Vincom Thai Nguyen,"Vincom Thái Nguyên, 286 Lương
Ngọc Quyến P.Quang Trung
TP.Thái Nguyên",Thái Nguyên
383,Phu Cat Kiosk Airport,"X23X cộng 7J X.Cát Tân H.Phù
Cát",Bình Định
384,Nhu Quynh Town HY,"Liền kề 1 cộng 2 TT.Như Quỳnh
H.Văn Lâm",Hưng Yên
385,Urban Area Gia Lam,"TT11-27 dự án đầu tư xây dựng
nhà ở thấp tầng tại các ô đất từ
TT10 đến TT13 – Khu đấu giá
TT.Trâu Quỳ H.Gia Lâm",Hà Nội
386,Vincom Tuy Hoa,"Góc Đông Bắc ngã tư đường
Hùng Vương và đường Trần Phú
P.7 TP.Tuy Hòa",Phú Yên
387,"Crescent Residence
HCM","103 Tôn Dật Tiên, Khu A, Phú Mỹ
Hưng P.Tân Phú Q.7",TP.HCM
388,"Nguyen Thi Dinh
HCM","205 Nguyễn Thị Định P.An Phú
TP.Thủ Đức",TP.HCM
389,Ta Quang Buu HCM,819 Tạ Quang Bửu P.5 Q.8,TP.HCM
390,Phu Cat AirPort,"Sân Bay Phù Cát X.Cát Tân
H.Phù Cát",Bình Định
391,Sense Ben Tre,"T06 Sense Ben Tre, 26A Trần
Quốc Tuấn P.4 TP.Bến Tre",Bến Tre
392,Pham Dinh Ho HCM,92 Phạm Đình Hổ P.2 Q.6,TP.HCM
393,Da Nang Hai Phong,"274 Đà Nẵng P.Vạn Mỹ Q.Ngô
Quyền",Hải Phòng
394,Pruksa Hai Phong,"Lô LKV Ô đất 47 X.An Đồng
H.An Dương",Hải Phòng
395,Thanh Binh Bac Ninh,"Ô đất số 01 tờ bản đồ số 69 thửa
đất số 542 tại phường Võ Cường
và tờ bản đồ số 31, thửa đất số 60
P.Kinh Bắc TP.Bắc Ninh",Bắc Ninh
396,Golden City Long Bien,"Khu nhà ở 319 Bồ Đề, tổ 10 P.Bồ
Đề Q.Long Biên",Hà Nội
397,Geleximco Ha Noi,"C31-05 Geleximco Urban Area Lê
Trọng Tấn P.Dương Nội Q.Hà
Đông",Hà Nội
398,Hung Vuong Tam Ky,"123 Hùng Vương P.An Mỹ
TP.Tam Kỳ",Quảng Nam
399,Thanh Dat Ha Nam,"Thửa đất số 25, tờ bản đồ số 7 Khu
công nghiệp Đồng Văn I P.Đồng
Văn TX.Duy Tiên",Hà Nam
400,"Nguyen Phuc Chu Hoi
An","69 Nguyễn Phúc Chu P.Minh An
TP. Hội An",Quảng Nam
401,Le Loi Hue,5 Lê Lợi P.Vĩnh Ninh TP.Huế,Thừa Thiên Huế
402,Cam Ranh Airport,"Cam Ranh Airport P.Cam Nghĩa
TP.Cam Ranh",Khánh Hòa
403,Light City Vinh Yen,"Thửa đất số 691, tờ bản đồ số 25,
Khu trung tâm thương mại và nhà
ở hỗn hợp P.Khai Quang TP.Vĩnh
Yên",Vĩnh Phúc
404,Hoa Lu Hotel NB,"Số 1 Trần Hưng Đạo P.Tân Thành
TP.Ninh Bình",Ninh Bình
405,To Huu HN,"Thửa CUSTM6-1 Làng Nghề Vạn
Phúc P.Vạn Phúc Q.Hà Đông",Hà Nội
406,Hao Nam HN,"139 Hào Nam P.Ô Chợ Dừa
Q.Đống Đa",Hà Nội
407,Viglacera Bac Ninh,"Tòa nhà Viglacera Ngã 6 P.Đại
Phúc TP.Bắc Ninh",Bắc Ninh
408,Dinh Bo Linh HCM,"170-172 Đinh Bộ Lĩnh P.26
Q.Bình Thạnh",TP.HCM
409,"Dragon Hill Nha Be
HCM","15A Nguyễn Hữu Thọ P.Phước
Kiểng H.Nhà Bè",TP.HCM
410,"Hoang Van Thai D7
HCM",77 Hoàng Văn Thái P.Tân Phú Q.7,TP.HCM
411,Go Mall Quang Ngai,"2 Lý Thường Kiệt P.Nghĩa Chính
TP.Quảng Ngãi",Quảng Ngãi
412,Dong Hoi Airport,"Khu Cách Ly Tầng 2, Nhà Ga
Hành Khách Cảng Hàng Không
Đồng Hới X.Lộc Ninh TP.Đồng
Hới",Quảng Bình
413,"Nguyen Tat Thanh
Viet Tri","308 Nguyễn Tất Thành X.Trưng
Vương TP.Việt Trì",Phú Thọ
414,Pham Van Dong HCM,"962-964 Phạm Văn Đồng P.Hiệp
Bình Chánh TP.Thủ Đức",TP.HCM
415,"Phan Dinh Phung
Dong Nai","257/6 Phan Đình Phùng P.Quang
Vinh TP.Bên Hòa",Đồng Nai
416,"Tops Market Au Co
HCM","685 Âu Cơ P.Tân Thành Q.Tân
Phú",TP.HCM
417,433 Le Duc Tho HCM,433 Lê Đức Thọ P.17 Q.Gò Vấp,TP.HCM
418,Tinh Lo 10 HCM,"565 Tỉnh Lộ 10 P.Bình Trị Đông B
Q.Bình Tân",TP.HCM
419,Bach Dang HCM,"270C Bạch Đằng P.14 Q.Bình
Thạnh",TP.HCM
420,"Friendship Tower
HCM",31 Lê Duẩn P.Bến Nghé Q.1,TP.HCM
421,Dien Bien Phu HCM,"417-419 Điện Biên Phủ P.25
Q.Bình Thạnh",TP.HCM
422,Thuy Van Vung Tau,75 Thùy Vân P.2 TP.Vũng Tàu,"Bà Rịa - Vũng
Tàu"
423,Hung Vuong Ba Ria,"72 Hùng Vương P.Phước Nguyên
TP.Bà Rịa","Bà Rịa - Vũng
Tàu"
424,RMIT Ha Noi,"Tầng 5, Trường ĐH RMIT, Số 10
Phạm Huy Thông P.Ngọc Khánh
Q.Ba Đình",Hà Nội
425,"S2.07 VH Ocean Park
HN","SH06.S2.07 Vinhomes Ocean Park
X.Đa Tốn H.Gia Lâm",Hà Nội
426,Duong Noi Ha Dong,"LK14-01, Khu A Khu đô thị mới
Dương Nội P.La Khê Q.Hà Đông",Hà Nội
427,"Thiso Mall Thu Thiem
HCM","Tầng hầm B1, khu cao ốc VP-TM-
DV tổng hợp lô 5-5, số 10 Mai Chí
Thọ P.Thủ Thiêm TP.Thủ Đức",TP.HCM
428,"Nguyen Tat Thanh
DNG","Góc đường Nguyễn Tất Thành -
Nguyễn Sinh Sắc P.Hòa Minh
Q.Liên Chiểu",Đà Nẵng
429,Hoang Van Thu Hue,"25 Hoàng Văn Thụ P.An Đông
TP.Huế",Thừa Thiên Huế
430,"Galleria Thu Thiem
HCM","20 Nguyễn Thiện Thành P.Thủ
Thiêm TP.Thủ Đức",TP.HCM
431,Hong Bang Nha Trang,"26 Hồng Bàng P.Phước Tiến
TP.Nha Trang",Khánh Hòa
432,CT2 Nghia Do HN,"Tầng 1 Tòa nhà CT2A Khun đô thị
mới Nghĩa Đô P.Cổ Nhuế 1 Q.Bắc
Từ Liêm",Hà Nội
433,E15 T1 Noi Bai HN,"Gian hàng E15, sảnh E Nhà ga T1
Sân bay Nội Bài X.Phú Cường
H.Sóc Sơn",Hà Nội
434,Mega Market DNG,"Trung tâm MM Market Đà Nẵng, 5
Cánh Mạng Tháng Tám Q.Cẩm Lệ
TP.Đà Nẵng",Đà Nẵng
435,"Doc Lap Tan Phu
HCM","105 Độc Lập P.Tân Thành Q.Tân
Phú",TP.HCM
436,"Tan Thang Tan Phu
HCM","87C Tân Thắng P.Sơn Kỳ Q.Tân
Phú",TP.HCM
437,UOA Tower HCM,"Tòa nhà UOA Tower, số 6 Tân
Trào P.Tân Phú Q.7",TP.HCM
438,CMT8 Ba Ria VT,"408 Cánh Mạng Tháng Tám
P.Phước Trung TP.Bà Rịa","Bà Rịa - Vũng
Tàu"
439,Bai Tu Long Cam Pha,"Số 57 Bái Tử Long P.Cẩm Trung
TP.Cẩm Phả",Quảng Ninh
440,Lac Long Quan TH,"Lô 337, khu tái định cư LK06
đường vành đai Đông Tây P.Đông
Vệ TP.Thanh Hóa",Thanh Hóa
441,"VietSing Residence
BDG","Tòa nhà Aviva Residences tại Lô
CT03B Đường D1, KDC Việt-Sing
P.An Phú TP.Thuận An",Bình Dương
442,Monarchy Da Nang,"A104 - A105 Block A, Monarchy
Apartment, 535 Trần Hưng Đạo
P.An Hải Tây Q.Sơn Trà",Đà Nẵng
443,Vo Van Tan HCM,46 Võ Văn Tần P.Võ Thị Sáu Q.3,TP.HCM
444,Go Mall Quy Nhon,"Tầng 1, Go! Quy Nhơn KĐT Xanh
Vũng Chua P.Ghềnh Ráng TP.Quy
Nhơn",Bình Định
445,Hateco Apollo HN,"BT02 Hateco Apollo Xuân Phương
P.Phương Canh Q.Nam Từ Liêm",Hà Nội
446,Pham Van Dong Hue,"102A Phạm Văn Đồng P.Vỹ Dạ
TP.Huế",Thừa Thiên Huế
447,Ten Lua HCM,"183-185 Tên Lửa P.Bình Trị Đông
Q.Bình Tân",TP.HCM
448,Sense City Ca Mau,"T-05a, Tầng trệt trung tâm thương
mại Sense City, số 09 Trần Hưng
Đạo P.5 TP.Cà Mau",Cà Mau
449,Vincom Ca Mau,2 Lê Duẩn P.1 TP.Cà Mau,Cà Mau
450,"Nguyen Huu Tho Long
An","223 Nguyễn Hữu Thọ, khu phố 2
TT.Bến Lức H.Bến Lức",Long An
451,"Hung Vuong Trang
Bom","Ô 01 Lô B KDC và siêu thị tại thị
trấn Trảng Bom TT.Trảng Bom
H.Trảng Bom",Đồng Nai
452,"70 Nguyen Van Tiet
BDG","70 Nguyễn Văn Tiết P.Lái Thiêu
TP.Thuận An",Bình Dương
453,"925 Tan Ky Tan Quy
HCM","925 Tân Kỳ Tân Quý, khu phố 2
P.Bình Hưng Hòa A Q.Bình Tân",TP.HCM
454,Tan Tay Do Ha Noi,"LK3-2, 3 Khu đô thị mới Tân Tây
Đô X.Tân Lập H.Đan Phượng",Hà Nội
455,"S205 VH Smart City
HN","01SH05A, S2.05-Z29M.1
Vinhomes Smart City P.Tây Mỗ
Q.Nam Từ Liêm",Hà Nội
456,"Nguyen Trai Thanh
Hoa","Lô 01 MBQH 4333/UBND
Nguyễn Trãi P.Tân Sơn TP.Thanh
Hóa",Thanh Hóa
457,"CoopXtra Linh Trung
HCM","Tầng trệt CoopXtra Thủ Đức, số
934 Quốc lộ 1A P.Linh Trung
TP.Thủ Đức",TP.HCM
458,Panorama Nha Trang,"Căn Thương mại và Dịch vụ số
B01-06, tầng 1, Tháp B, Tòa nhà
Panorama Nha Trang, số 2 Nguyễn
Thị Minh Khai P.Lộc Thọ TP.Nha
Trang",Khánh Hòa
459,"Intracom Dong Anh
HN","Tầng 1, Tòa nhà Intracom
Riverside Cầu Nhật Tân X.Vĩnh
Ngọc H.Đông Anh",Hà Nội
460,Mega Thang Long,"236 Phạm Văn Đồng P.Cổ Nhuế 1
Q.Bắc Từ Liêm",Hà Nội
461,CIC Luxury Lao Cai,"Thửa đất số 254 và thửa đất số
255, tờ bản đồ số P19-21 Hoàng
Liên và Lê Qúy Đôn P.Cốc Lếu
TP.Lào Cai",Lào Cai
462,Menas Mall HCM,"Lô YFV, tầng 5, Khu ẩm thực
YUM FOOD VILLAGE, tòa nhà
Menas Mall Saigon Airport, 60A
Trường Sơn P.2 Q.Tân Bình",TP.HCM
463,"Sonadezi Tower Dong
Nai","Tầng G, Cao Ốc Sonadezi, Số 1
Đường 1, KCN Biên Hòa 1 P.An
Bình TP.Biên Hòa",Đồng Nai
464,Le Loi Thai Binh,"Thửa đất số 349, tờ bản đồ số 9, tại
tổ 2, số 29 Lê Lợi P.Lê Hồng
Phong TP.Thái Bình",Thái Bình
465,972 Dong Khoi BH,"972 Đồng Khởi, khu phố 2 P.Trảng
Dài TP.Biên Hòa",Đồng Nai
466,Golf Valley Da Lat,"Khách sạn Golf Valley, số 94 Bùi
Thị Xuân P.2 TP.Đà Lạt",Lâm Đồng
467,"East Gate Apartment
BD","Sàn TM tầng 1, Tòa nhà chung cư
Metro Tower, số 43 Tân Lập
P.Đông Hòa TP.Dĩ An",Bình Dương
468,Lancaster Ha Noi,"Tòa Lancaster Luminaire, 1152-
1154 đường Láng P.Láng Thượng
Q.Đống Đa",Hà Nội
469,Ngo Quyen Vinh Yen,"Số 125 Ngô Quyền P.Đống Đa
TP.Vĩnh Yên",Vĩnh Phúc
470,Quoc Lo 13 HCM,"131A-133-135 Quốc Lộ 13, Khu
phố 1 P.Hiệp Bình Chánh TP.Thủ
Đức",TP.HCM
471,"Nguyen Trung Tin
Quy Nhon","22 Nguyễn Trung Tín P.Nguyễn
Văn Cừ TP.Quy Nhơn",Bình Định
472,CMT8 Tay Ninh,"449 Cách Mạng Tháng Tám, Kp1
P.3 TP.Tây Ninh",Tây Ninh
473,Ben Van Don HCM,183 Bến Vân Đồn P.6 Q.4,TP.HCM
474,30 Thang 4 Phu Quoc,"52A 30 tháng 4, tổ 5, KP1
P.Dương Đông TP.Phú Quốc",Kiên Giang
475,"CVPM Quang Trung
HCM","Tòa nhà QTSC Building 1 14, lô số
34 công viên phầm mềm Quang
Trung P.Tân Chánh Hiệp Q.12",TP.HCM
476,XVNT Da Nang,"Lô 190-191 KDC Tây Nam Hòa
Cường Xô Viết Nghệ Tĩnh P.Hòa
Cường Nam Q.Hải Châu",Đà Nẵng
477,Phu Bai Airport 2,"DD2-6A Cảng hàng không quốc tế
Phú Bài P.Phú Bài TX.Hương
Thủy",Thừa Thiên Huế
478,Nguyen Lam HN,"41 Nguyễn Lâm P.Phúc Đồng
Q.Long Biên",Hà Nội
479,Ba Trieu Thanh Hoa,"151 Bà Triệu P.Đông Thọ
TP.Thanh Hóa",Thanh Hóa
480,"Vinhomes Grand Park
2 HCM","S5.01 VH Grand Park Nguyễn
Xiển P.Long Thạnh Mỹ TP.Thủ
Đức",TP.HCM
481,Thoai Ngoc Hau HCM,"124D-124E Thoại Ngọc Hầu P.Phú
Thọ Hòa Q.Tân Phú",TP.HCM
482,BV Nhi Dong HCM,"Bệnh viện Nhi Đồng HCM, số 15
Đường Võ Trần Chí, ấp 1 X.Tân
Kiên H.Bình Chánh",TP.HCM
483,"Hung Vuong Long
Khanh DNI","239 Hùng Vương P.Xuân Hòa
TP.Long Khánh",Đồng Nai
484,"Cuong Ngo Thanh Tri
HN","Thửa đất số 40, tờ bản đồ số 10
Thôn Cương Ngô X.Tứ Hiệp
H.Thanh Trì",Hà Nội
485,Bai Bien Sam Son TH,"Thửa đất số 20, tờ bản đồ số 48
Kp.Bắc Kỳ P.Trung Sơn TP.Sầm
Sơn",Thanh Hóa
486,Nga 5 Cat Bi HP,"Thửa 03 Lô 22B KĐT mới Ngã
Năm Sân bay Cát Bì P.Đông Khê
Q.Ngô Quyền",Hải Phòng
487,Apec Mandala HD,"Toà Apec Mandala Hải Dương Lê
Thanh Nghị P.Hải Tân TP.Hải
Dương",Hải Dương
488,Vinaconex 3 HN,"48, ngõ 15 An Dương Vương
P.Phú Thượng Q.Tây Hồ",Hà Nội
489,An Duong Vuong HN,"Tang 1 Toa 17T1 - CT2,
Vinaconex 3 KĐT Trung Văn
P.Mễ Trì Q.Nam Từ Liêm",Hà Nội
490,27 Dai Lo Binh Duong,"27/2 Đại Lộ Bình Dương P.Thuận
Giao TP.Thuận An",Bình Dương
491,"GS1 Dong Hoa Di An
BDG","86 Đường GS1 P.Đông Hòa TP.Dĩ
An",Bình Dương
492,"Tet Mau Than My Tho
TG","106/5A Tết Mậu Thân P.4 TP.Mỹ
Tho",Tiền Giang
493,"Nguyen Trung Truc
Phu Quoc","122 Nguyễn Trung Trực P.Dương
Đông TP.Phú Quốc",Kiên Giang
494,"Dien Bien Phu Ba Ria
VT","235 Điện Biên Phủ P.Phước
Nguyên TP.Bà Rịa","Bà Rịa - Vũng
Tàu"
495,"Hoa Lu Quy Nhon
BDH","111-111A Hoa Lư P.Đống Đa
TP.Quy Nhơn",Bình Định
496,Tran Phu Rach Gia,"173 Trần Phú P.Vĩnh Thanh
TP.Rạch Giá",Kiên Giang
497,Le Van Quoi HCM,"366 Lê Văn Quới P.Bình Hưng
Hòa A Q.Bình Tân",TP.HCM
498,TSN Airport-K1 HCM,"Vị trí ID257D Khu vực làm thủ tục
đảo K-L, Cảng Hàng Không Quốc
Tế Tân Sơn Nhất, số 45 Trường
Sơn P.2 Q.Tân Bình",TP.HCM
499,TSN Airport-K2 HCM,"Vị trí ID304-c Khu cách ly lầu 3
quốc tế đi (3.4.19), Cảng Hàng
Không Quốc Tế Tân Sơn Nhất, số
45 Trường Sơn P.2 Q.Tân Bình",TP.HCM
500,TSN Airport-K3 HCM,"Vị trí ID229B Khu cách ly quốc tế
đi gate 22-25, Cảng Hàng Không
Quốc Tế Tân Sơn Nhất, số 45
Trường Sơn, P.2 Q.Tân Bình",TP.HCM
501,TSN Airport-K4 HCM,"Vị trí ID306-a Khu vực lầu 3 sảnh
quốc tế đi, Cảng Hàng Không
Quốc Tế Tân Sơn Nhất, số 45
Trường Sơn P.2 Q.Tân Bình",TP.HCM
502,Le Hoan Ha Nam,Lê Hoàn P.Minh Khai TP.Phủ Lý,Hà Nam
503,"SH16 VH Ocean Park
HN","SH16-130 Vinhomes Ocean Park
X.Đa Tốn H.Gia Lâm",Hà Nội
504,Chu Huy Man HN,"26 Nha N01B Đô thị mới Sài Đồng
P.Phúc Đồng Q.Long Biên",Hà Nội
505,"Lien Khuong Airport
LD","Tầng 1 Cảng hàng không liên
khương, Quốc Lộ 20 TT.Liên
Nghĩa H.Đức Trọng",Lâm Đồng
506,"Nguyen Van Tang
HCM","327 Nguyễn Văn Tăng P.Long
Thạnh Mỹ TP.Thủ Đức",TP.HCM
507,TSN Intl Airport HCM,"Vị trí IAG06B-1 Khu vực sảnh
quốc tế đến cánh trái, Cảng Hàng
Không Quốc Tế Tân Sơn Nhất, số
45 Trường Sơn P.2 Q.Tân Bình",TP.HCM
508,"Chung Cu Bo Cong An
HCM","83 Đường Số 3 P.An Khánh
TP.Thủ Đức",TP.HCM
509,"Hung Dao Vuong -
BH","112 Hưng Đạo Vương P.Thanh
Bình TP.Biên Hòa",Đồng Nai
510,Dinh Cong Ha Noi,"96 Định Công P.Phương Liệt
Q.Thanh Xuân",Hà Nội
511,"Phuong Dong Green
Park HN","SH-1B Phuong Dong Greenpark,
Số 1 Trần Thủ Độ P.Hoàng Liệt
Q.Hoàng Mai",Hà Nội
512,"Tran Hung Dao Nam
Dinh","539 Tran Hung Dao P.Lộc Vượng
TP.Nam Định",Nam Định
513,Vissai Hotel NB,"848 Tran Hung Dao P.Tân Thành
TP.Ninh Bình",Ninh Bình
514,Capital Place Ha Noi,"Kiosk CP.B1.Kiosk 07-08, Ham
B1 29 Lieu Giai P.Ngọc Khánh
Q.Ba Đình",Hà Nội
515,"Hud Urban Son Tay
HN","12 Lo KV 16B Hub Son Tay Khu
Do Thi Hub Son Tay P.Trung
Hưng TX.Sơn Tây",Hà Nội
516,Tan Thinh Hoa Binh,To 1A P.Tân Thịnh TP.Hòa Bình,Hòa Bình
517,"Ton Duc Thang Rach
Gia","Lô C17-47+48+49+50 Tốn Đức
Thắng P.Vĩnh Lạc TP.Rạch Giá",Kiên Giang
518,Ben Binh Dong HCM,343 Bến Bình Đông P.13 Q.8,TP.HCM
519,Thach Han Hue,"59 Thạch Hãn P.Thuận Hòa
TP.Huế",Thừa Thiên Huế
520,Chu Lai Airport,"Tang 2 Khu cach ly, cang hang
khong Chu Lai X.Tam Nghĩa
H.Núi Thành",Quảng Nam
521,"Hung Vuong Quang
Ngai","2 Hung Vuong P.Nguyễn Nghiêm
TP.Quảng Ngãi",Quảng Ngãi
522,"Hoa Binh Tan Phu
HCM","287 Hoa Binh P.Hiệp Tân Q.Tân
Phú",TP.HCM
523,"Nguyen Tat Thanh
BMT","59-61-63 Nguyen Tat Thanh P.Tân
An TP.Buôn Ma Thuột",Đắk Lắk
524,30 Thang 4 Vung Tau,23D4 30/4 P.9 TP.Vũng Tàu,"Bà Rịa - Vũng
Tàu"
525,"Le Thi Ha Hoc Mon
HCM","1/71 Ap Dinh X.Tân Xuân H.Hóc
Môn",TP.HCM
526,"Tran Hung Dao Phuc
Yen","190 Trần Hưng Đạo P.Trưng Trắc
TP.Phúc Yên",Vĩnh Phúc
527,"Phu Dong Hotel -
Thanh Hoa","68 Dương Đình Nghệ P.Đông Thọ
TP.Thanh Hóa",Thanh Hóa
528,29 Thang 3 Da Nang,"170 29 thang 3 P.Hòa Xuân Q.Cẩm
Lệ",Đà Nẵng
529,QL55 Xuyen Moc VT,"252 Quốc Lộ 55 TT.Phước Bửu
H.Xuyên Mộc","Bà Rịa - Vũng
Tàu"
530,Viettel CMT8 - HCM,"285 Cách Mạng Tháng Tám P.12
Q.10",TP.HCM
531,Nguyen Thi Luu BG,"351 Nguyễn Thị Lưu P.Ngô Quyền
TP.Bắc Giang",Bắc Giang
532,Tran Nguyen Han HP,"203 Trần Nguyên Hãn P.Trần
Nguyên Hãn Q.Lê Chân",Hải Phòng
533,Cao Lo Dong Anh HN,119 TT.Đông Anh H.Đông Anh,Hà Nội
534,Sari Town Sala HCM,"Số 2-4-6 đường số 5 P.An Lợi
Đông TP.Thủ Đức",TP.HCM
535,"No.1 Binh Chanh
HCM","73 đường số 1, ấp 2 X.Bình Hưng
H.Bình Chánh",TP.HCM
536,"Akari City Binh Tan
HCM","AK4-000.04 Tháp T4, T5 - Block
D, chung cư Hoàng Nam (Akari
City) P.An Lạc Q.Bình Tân",TP.HCM
537,Van Phuc City HCM,"54 đường số 2 P.Hiệp Bình Phước
TP.Thủ Đức",TP.HCM
538,"Hung Vuong Dong
Xoai","39 Hùng Vương, Tổ 4, khu phố
Thanh Bình P.Tân Bình TP.Đồng
Xoài",Bình Phước
539,"Vinwonders Nha
Trang","Lô FB-04 Vinwonders, Hòn Tre
P.Vĩnh Nguyên TP.Nha Trang",Khánh Hòa
540,"Tran Van Kheo Can
Tho","66-68 Trần Văn Khéo P.Cái Khế
Q.Ninh Kiều",Cần Thơ
541,"Dai Phuc Binh Chanh
HCM","125 Đường số 1 X.Bình Hưng
H.Bình Chánh",TP.HCM
542,"699 Nguyen Anh Thu
HCM","699 Nguyễn Ảnh Thủ P.Hiệp
Thành Q.12",TP.HCM
543,Tran Nguyen Dan HN,"91 Trần Nguyên Đán P.Định Công
Q.Hoàng Mai",Hà Nội
544,Pham Van Dong NT,"06KB tổ 14, Hải Phước P.Vĩnh
Thọ TP.Nha Trang",Khánh Hòa
545,"Le Van Tho Go Vap
HCM",432 Lê Văn Thọ P.16 Q.Gò Vấp,TP.HCM
546,Le Huan Hue,27 Lê Huân P.Thuận Hòa TP.Huế,Thừa Thiên Huế
547,ViVo City D7,"1058 Nguyễn Văn Linh P.Tân
Phong Q.7",TP.HCM
548,KDT Thanh Ha HN,"B2.1-HH03C Thanh Ha Urban
X.Cự Khê H.Thanh Oai",Hà Nội
549,"N06B1 Thanh Thai
HN","N06B1 Khu DTM Dich Vong
P.Dịch Vọng Q.Cầu Giấy",Hà Nội
550,CV Song Hau Can Tho,"9 Song Hau P.Cái Khế Q.Ninh
Kiều",Cần Thơ
551,Huynh Cuong Can Tho,"198-200 Huynh Cuong P.An Cư
Q.Ninh Kiều",Cần Thơ
552,To Ky 2 HCM,"167 To Ky P.Đông Hưng Thuận
Q.12",TP.HCM
553,"779 Nguyen Ai Quoc
DN","1 Quốc Lộ 1, KP 10 P.Tân Hiệp
TP.Biên Hòa",Đồng Nai
554,Hung Vuong Tan An,"123 Hung Vuong ( noi dai ) P.6
TP.Tân An",Long An
555,Nguyen An Ninh VT,"601 Nguyễn An Ninh P.Nguyễn
An Ninh TP.Vũng Tàu","Bà Rịa - Vũng
Tàu"
556,Crescent Mall HCM,"GF-58B TTTM Crescent Mall, so
101, Ton Dat Tien P.Tân Phú Q.7",TP.HCM
557,Tran Phu BMT Daklak,"107-109 Tran Phu P.Thành Công
TP.Buôn Ma Thuột",Đắk Lắk
558,D9 Tan Phu HCM,71 D9 P.Tây Thạnh Q.Tân Phú,TP.HCM
559,"Nguy Nhu Kon Tum
HN","102 Ngụy Như Kon Tum P.Nhân
Chính Q.Thanh Xuân",Hà Nội
560,"Quang Trung Uong Bi
QN","430 Quang Trung P.Quang Trung
TP.Uông Bí",Quảng Ninh
561,"BH68 VH Ocean Park
HN","HD03-SP.BH-68 & HD03-SP.BH-
01 Block CCKO-03 (HD03-SP)
TT.Trâu Qùy H.Gia Lâm",Hà Nội
562,"02 Nguyen Khanh
Toan HN","02 Nguyễn Khánh Toàn P.Quan
Hoa Q.Cầu Giấy",Hà Nội
563,Nguyen Chanh HN,"Nam Trung Yen Urben, 148
Nguyễn Chánh P.Yên Hòa Q.Cầu
Giấy",Hà Nội
564,Khuat Duy Tien HN,"15 Khuất Duy Tiến P.Thanh Xuân
Bắc Q.Thanh Xuân",Hà Nội
565,"Nguyen Trung Truc
Rach Gia","334 Nguyen Trung Truc P.Vĩnh
Lạc TP.Rạch Giá",Kiên Giang
566,53 Phan Huy Ich HCM,53 Phan Huy Ích P.15 Q.Tân Bình,TP.HCM
567,Dong Khoi Ben Tre,"265A Dai lo Dong Khoi, Khu pho
3 P.Phú Tân TP.Bến Tre",Bến Tre
568,Go Mall Tan Hiep DN,"1135 Nguyễn Ái Quốc P.Tân Hiệp
TP.Biên Hòa",Đồng Nai
569,"Nguyen Duc Canh
HCM","006 Nguyễn Đức Cảnh P.Tân
Phong Q.7",TP.HCM
570,Go Mall Hai Phong,"Go! Hai Phong Le Hong Phong
P.Đằng Giang Q.Ngô Quyền",Hải Phòng
571,01 Le Duan HN,1 Lê Duẩn P.Điện Biên Q.Ba Đình,Hà Nội
572,Dai Hoc Phenikaa HN,"Canteen Ba Sao, Truong Dai hoc
Phenikaa phố Nguyễn Văn Trác
P.Yên Nghĩa Q.Hà Đông",Hà Nội
573,Ha Huy Tap HN,"455 Hà Huy Tập TT.Yên Viên
H.Gia Lâm",Hà Nội
574,Dolphin Plaza 2 HN,"28 phố Trần Bình P.Mỹ Đình 2
Q.Nam Từ Liêm",Hà Nội
575,30 Thang 4 Tay Ninh,450 30 Thang 4 P.3 TP.Tây Ninh,Tây Ninh
576,Ha Do Centrosa HCM,200 3 Thang 2 P.12 Q.10,TP.HCM
577,"Nguyen Van Troi
HCM","88 Nguyễn Văn Trôĩ P.8 Q.Phú
Nhuận",TP.HCM
578,"416 Pham Van Dong
HCM","346/57 Phan Văn Trị P.11 Q.Bình
Thạnh",TP.HCM
579,Hoa Binh Bac Lieu,01A Hòa Bình P.1 TP.Bạc Liêu,Bạc Liêu
580,Cay Tram HCM,172 Đường số 10 P.8 Q.Gò Vấp,TP.HCM
581,Citadel Inside Hue,"46 Đinh Công Tráng P.Phú Hậu
TP.Huế",Thừa Thiên Huế
582,HC MAXIMARK,3C Ba Tháng Hai P.11 Q.10,TP.HCM
583,Vincom Le Van Viet,"50 Lê Văn Việt P.Hiệp Phú
TP.Thủ Đức",TP.HCM
584,TTC Duy Tan - HN,"Tầng 1, Tòa nhà TTC Duy Tân, 19
Duy Tân P.Dịch Vọng Hậu Q.Cầu
Giấy",Hà Nội
585,"Saigon Post Office
HCM",2 Công Xã Paris P.Bến Nghé Q.1,TP.HCM
586,Xuan La HN,101 Xuân La P.Xuân La Q.Tây Hồ,Hà Nội
587,Vo Thi Sau Ha Noi,"42 Võ Thị Sáu P.Thanh Nhàn
Q.Hai Bà Trưng",Hà Nội
588,"Vinh Airport-2.1 Nghe
An","Ma Vi Tri 2.10 Cảng Hàng Không
Vinh X.Nghi Liên TP.Vinh",Nghệ An
589,"Vinh Airport-2.4 Nghe
An","Ma Vi Tri 2.40 Cảng Hàng Không
Vinh X.Nghi Liên TP.Vinh",Nghệ An
590,Mipec Tay Son HN,"229 Tây Sơn P.Ngã Tư Sở Q.Đống
Đa",Hà Nội
591,"Phan Chu Trinh Hoi
An","78A Phan Châu Trinh P.Cẩm Phô
TP.Hội An",Quảng Nam
592,"551 30 Thang 4 Vung
Tau","553 30 Tháng 4 P.Rạch Dừa
TP.Vũng Tàu","Bà Rịa - Vũng
Tàu"
593,"30 Thang 4 Thu Dau
Mot","110A 30 Tháng 4 P.Phú Hòa
TP.Thủ Dầu Một",Bình Dương
594,"396 Nguyen Ai Quoc
DN","396 Nguyễn Ái Quốc P.Hố Nai
TP.Biên Hòa",Đồng Nai
595,"Chung Cu Vinh Hoi
HCM",98 Khánh Hội P.4 Q.4,TP.HCM
596,Truong Sa HCM,964 Trường Sa P.13 Q.3,TP.HCM
597,"312 Dien Bien Phu
HCM","312 Điện Biên Phủ P.17 Q.Bình
Thạnh",TP.HCM
598,Eco Green D7 HCM,"107 Nguyễn Văn Linh P.Tân
Thuận Tây Q.7",TP.HCM
599,"Vo Van Kiet Phan
Thiet","67-69 Võ Văn Kiệt P.Phú Thủy
TP.Phan Thiết",Bình Thuận
600,Hoang Van Thu Pleiku,"102 Hoàng Văn Thụ P.Diên Hồng
TP.Pleiku",Gia Lai
601,"Dien Bien Phu Tra
Vinh","414 Điện Biên Phủ P.6 TP.Trà
Vinh",Trà Vinh
602,Nowzone HCM,"235 Nguyễn Văn Cừ P.Nguyễn Cư
Trinh Q.1",TP.HCM
603,QL20 Duc Trong LD,"386-388 Quốc Lộ 20 TT.Liên
Nghĩa H.Đức Trọng",Lâm Đồng
604,"Ly Thuong Kiet Dong
Xoai","173 Lý Thường Kiệt P.Tân Phú
TP.Đồng Xoài",Bình Phước
605,VTV Hue,"2 Lý Thường Kiệt P.Vĩnh Ninh
TP.Huế",Thừa Thiên Huế
606,AQ Mac Dinh Chi,39 Mạc Đĩnh Chi P.Đa Kao Q.1,TP.HCM
607,Lotte Mart Go Vap,18 Phan Văn Trị P.10 Q.Gò Vấp,TP.HCM
608,Thanh Nien Hai Duong,"Lo 02 Khu Tây Thanh Niên
P.Quang Trung TP.Hải Dương",Hải Dương
609,Trich Sai HN,213 Trích Sài P.Bưởi Q.Tây Hồ,Hà Nội
610,"Vincom Le Van Viet
HCM","50 Lê Văn Việt P.Hiệp Phú
TP.Thủ Đức",TP.HCM
611,Tran Phu Vinh,"số 181 Khối Trung Mỹ P.Lê Mao
TP.Vinh",Nghệ An
612,QL3 Soc Son HN,"Quốc lộ 3 Phù Mã X.Phù Linh
H.Sóc Sơn",Hà Nội
613,"Chua Chuong Hung
Yen","Số 5 và số 7 Chùa Chuông P.Hiến
Nam TP.Hưng Yên",Hưng Yên
614,Imperia Minh Khai HN,"C3B và C3A, tòa C-Nhà A, số 423
Minh Khai P.Vĩnh Tuy Q.Hai Bà
Trưng",Hà Nội
615,Nam An Khanh HN,"A10-NV4, Khu đô thị Nam An
Khánh Lê Trọng Tấn X.An Khánh
H.Hoài Đức",Hà Nội
616,"Nguyen Tat Thanh
Pleiku","Số 03 Nguyễn Tất Thành P.Hoa
Lư TP.Pleiku",Gia Lai
617,"Hiep Binh Thu Duc
HCM","Số 42 Hiệp Bình P.Hiệp Bình
Phước TP.Thủ Đức",TP.HCM
618,Dang Thuc Vinh HCM,"Số 84/1 Đặng Thúc Vịnh X.Thới
Tam Thôn H.Hóc Môn",TP.HCM
619,"3 Thang 2 Rach Gia
KG","Lô 14 - 05 Ba Tháng Hai P.An
Hòa TP.Rạch Giá",Kiên Giang
620,Syrena HN,51 Xuân Diệu P.Tứ Liên Q.Tây Hồ,Hà Nội
621,Mipec Ha Dong HN,"M2-DVTM-01, Tòa CT2A (M2)
Chung cư Mipec City View P.
Kiến Hưng Q. Hà Đông",Hà Nội
622,"Satra Mart Ba Thang
Hai",460 3 Tháng 2 P.12 Q.10,TP.HCM
623,PICO Plaza - Tan Binh,20 Cộng Hòa P.12 Q.Tân Bình,TP.HCM
624,"Nguyen Ai Quoc -
Bien Hoa","8 Nguyễn Ái Quốc P.Quang Vinh
TP.Biên Hòa",Đồng Nai
625,UEF University HCM,"141 Điện Biên Phủ P.15 Q.Bình
Thạnh",TP.HCM
626,"Ly Thai To Long
Xuyen AG","483 Lý Thái Tổ P.Mỹ Phước
TP.Long Xuyên",An Giang
627,"Truong Quang Giao
QNG","71 Trương Quang Giao P.Nghĩa
Chánh TP.Quảng Ngãi",Quảng Ngãi
628,Phan Dang Luu HCM,"43 Phan Đăng Lưu P.3 Q.Bình
Thạnh",TP.HCM
629,"TSN Airport VJ G24
HCM","Vị trí DDG32-a và DDG32-b Khu
vực cách ly quốc nội đi gate 22-26,
Cảng hàng không quốc tế Tân Sơn
Nhất, đường Trường Sơn P.2
Q.Tân Bình",TP.HCM
630,Kenh Tan Hoa HCM,"82-84 Kênh Tân Hóa P.Phú Trung
Q.Tân Phú",TP.HCM
631,"22 Thang 12 Thuan An
BD","Ô1-2, Lô CT01A Khu định cư Việt
- Sing P.An Phú TP.Thuận An",Bình Dương
632,Ecopark 3 Hung Yen,"TT-PT3A.01 Sol Forest, Khu đô
thị Văn Giang X.Xuân Quang
H.Văn Giang",Hưng Yên
633,"BT6 Luu Khanh Dam
HN","A7-BT06 Khu đô thị mới Việt
Hưng P.Việt Hưng Q.Long Biên",Hà Nội
634,Vin University HN,"Trường Đại Học Vin University,
Khu đô thị Gia Lâm Thị trấn Châu
Quỳ X.Dương Xá H.Gia Lâm",Hà Nội
635,36 Duy Tan HN,"Số 36 Phố Duy Tân P.Dịch Vọng
Q.Cầu Giấy",Hà Nội
636,T11 Times City HN,"S0-02A, T11-Time City, số 458
Minh Khai P.Vĩnh Tuy Q.Hai Bà
Trưng",Hà Nội
637,DLSH VH Ocean Park,"Shophouse Đại Lộ Bốn Mùa The
Venice, Mega Grand World
P.Nghĩa Trụ H.Văn Giang",Hưng Yên
638,Water Front HP,"137_LK05 Khu đô thị ven sông
Lay Tray P.Vĩnh Niệm Q.Lê Chân",Hải Phòng
639,Phu Rieng Do DXoai,"1050 Phú Riềng Đỏ, Kp Phước
Thọ, Phường Tân Thiện, Thành
Phố Đồng Xoài, Tỉnh Bình Phước",Bình Phước
640,Dai Hoc Dai Nam HN,"Tầng 1, Tòa nhà chính hiệu bộ
Trường Đại học Đại Nam, Số 01
Phố Xổm, Phường Phú Lãm, Quận
Hà Đông, Tp. Hà Nội",Hà Nội
641,Thong Nhat Nha Trang,"Số 26 Đường Thống Nhất, Phường
Vạn Thạnh, Thành Phố Nha Trang,
Tỉnh Khánh Hòa",Khánh Hòa
642,Hoang Huy Hai Phong,"Hoang Huy Commerce, Kenh
Duong, Le Chan, Hai Phong",Hải Phòng
643,24 Ha Long Vung Tau,"Số 24B Đường Hạ Long, Phường
2, Tp. Vũng tàu, Tỉnh Bà Rịa Vũng
Tàu","Bà Rịa - Vũng
Tàu"
644,Kinh Duong Vuong D6,"Số 36 và 36B Đường Kinh Dương
Vương, Phường 13, Quận 6,
Tp.HCM",TP.HCM
645,97 Ung Van Khiem,"Số 97 Ung Văn Khiêm, Phường
25, Quận Bình Thạnh, Tp. HCM",TP.HCM
646,Thuong Dinh HN,"228-230 Thuong Dinh, Thanh
Xuan, Ha Noi",Hà Nội
647,3 Thang 2 Rach Gia,"L14 Lô 5, Đường Ba Thang Hai,
Phường AN Hòa, Tp. Rạch Giá,
Tỉnh Kiên Giang",Kiên Giang
648,"Ly Thai To
LongXuyen","Số 483-485 Đường Lý Thái Tổ,
Khóm Đông Thịnh 8, Phường Mỹ
Phước, Yhanh2 Phố Long Xuyên,
Tỉnh An Giang",An Giang
649,Ecopark 3,"Nhà ở số TT-PT3A.01 Khu nhà
phố Quảng Trường-Sol Forest,
Khu đô thị thương mại và Du lịch
Văn Giang, Xã Xuân Quan, Huyện
Văn Giang, Tỉnh Hưng Yên",Hưng Yên
650,71 Truong Quang Giao,"71 Truong Quang Giao, Phường
Nghĩa Chánh, Tp. Quảng Ngãi,
Tỉnh Quảng Ngãi",Quảng Ngãi
651,"DLSH VH Ocean Park
2","Shophouse Đại lộ bốn mùa, The
Venie, Khu đô thị Mega Grand
World, Xã Nghĩa Trụ, Huyện Văn
Giang, Tỉnh Hưng Yên",Hưng Yên
652,Water Front HaiPhong,"Căn nhà số 137_LK05 Thuộc khu
đô thị Ven sông Lạch Tray,
Phường Vĩnh Niệm, Quận Lê
Chân, Tp. Hải Phòng",Hải Phòng
653,Phu Rieng Do DXoai,"1050 Phú Riềng Đỏ, Kp Phước
Thọ, Phường Tân Thiện, Thành
Phố Đồng Xoài, Tỉnh Bình Phước",Bình Phước
654,Thong Nhat Nha Trang,"Số 26 Đường Thống Nhất, Phường
Vạn Thạnh, Thành Phố Nha Trang,
Tỉnh Khánh Hòa",Khánh Hòa
655,22 thang 12 Thuan An,"01-02 CT01A Vietsing Residence,
22 Thang 12 street, Thuan An City,
Binh Duong Province",Bình Dương
656,Hoang Huy Hai Phong,"Hoang Huy Commerce, Kenh
Duong, Le Chan, Hai Phong",Hải Phòng
657,24 Ha Long Vung Tau,"Soố 24B Đường Hạ Long, Phường
2, Tp. Vũng tàu, Tỉnh Bà Rịa Vũng
Tàu","Bà Rịa - Vũng
Tàu"
658,Kinh Duong Vuong D6,"Số 36 và 36B Đường Kinh Dương
Vương, Phường 13, Quận 6,
Tp.HCM",TP.HCM
659,"49B Thao Dien
ThuDuc","8/15 – 8/17 Đường 49B, Khu phố
4, Phường Thảo Điền, Tp. Thủ
Đức, Tp. HCM",TP.HCM
660,22 Quach Xuan Ky QB,"Số 22, Quách Xuân Kỳ, Phường
Đồng hải, Tp. Đồng Hới, Tỉnh
Quảng Bình",Quảng Bình
661,"Bamboo Airways
HCMC","130 - 132 Hong Ha, Ward 9, Phu
Nhuan District, HCMC",TP.HCM
662,2 Cao Thang D3,"2 Cao Thắng, Phường 05, Quận 3,
Thành Phố HCM",TP.HCM
663,"621A Dai Lo Binh
Duong","621a Dai Lo Binh Duong , Phu
Cuong Ward, Thu Dau Mot City,
Binh Duong Province",Bình Dương
664,1800 Nguyen Anh Thu,"1800 Nguyễn Ảnh Thủ, Bà Điểm,
Hóc Môn, Tp. Hồ Chí Minh",TP.HCM
665,"Nguyen Tri Phuong
D10","533 Nguyễn Tri Phương, Phường
8, Quận 10, Tp. Hồ Chí Minh",TP.HCM
666,"Petrowaco Lang Ha
HN","Tòa Petrowaco, 97-99 đường Láng
Hạ, P. Láng Hạ, Q.Đống Đa, Hà
Nội",Hà Nội
667,91 3/2 Can Tho,"91 Đường 3/2, Hưng Lợi, Ninh
Kiều, Cần Thơ",Cần Thơ
668,Lac Long Quan D11,"343E-343F Lạc Long Quân,
Phường 5, Quận 11, Tp. Hồ Chí
Minh",TP.HCM
