order_id,product_id,product_details_id,quantity,subtotal,discount_amount,subtotal_after_discount
1092,12,34,1,65000,5200.0,59800.0
1092,1,1,1,29000,2320.0,26680.0
1093,4,12,1,45000,10000.0,35000.0
1093,6,17,1,49000,10000.0,39000.0
1094,18,53,1,69000,12420.0,56580.0
1094,12,33,1,55000,9900.0,45100.0
1094,29,64,1,150000,27000.0,123000.0
1094,3,9,1,39000,7020.0,31980.0
1095,17,49,1,55000,9900.0,45100.0
1095,23,58,1,55000,9900.0,45100.0
1095,14,40,1,65000,11700.0,53300.0
1095,1,1,2,58000,10440.0,47560.0
1095,13,38,1,69000,12420.0,56580.0
1096,4,10,1,29000,5220.0,23780.0
1096,2,4,1,29000,5220.0,23780.0
1097,21,56,1,45000,5400.0,39600.0
1098,18,53,1,69000,8280.0,60720.0
1098,18,51,1,45000,5400.0,39600.0
1099,19,54,1,45000,5400.0,39600.0
1099,15,43,1,65000,7800.0,57200.0
1100,10,28,1,75000,9000.0,66000.0
1101,14,40,1,65000,5200.0,59800.0
1102,19,54,1,45000,30000.0,15000.0
1102,14,41,1,69000,30000.0,39000.0
1103,14,40,1,65000,10000.0,55000.0
1103,15,44,1,69000,10000.0,59000.0
1104,10,29,1,79000,9480.0,69520.0
1105,19,54,1,45000,0.0,45000.0
1105,12,33,1,55000,0.0,55000.0
1105,13,38,1,69000,0.0,69000.0
1105,7,21,1,55000,0.0,55000.0
1105,20,55,1,45000,0.0,45000.0
1105,29,64,1,150000,0.0,150000.0
1105,24,59,1,55000,0.0,55000.0
1106,2,6,1,39000,7020.0,31980.0
1106,3,8,1,34000,6120.0,27880.0
1107,14,40,1,65000,0.0,65000.0
1107,15,42,1,55000,0.0,55000.0
1107,11,31,1,79000,0.0,79000.0
1107,4,10,1,29000,0.0,29000.0
1107,1,1,2,58000,0.0,58000.0
1108,17,48,1,45000,3600.0,41400.0
1108,30,65,1,200000,16000.0,184000.0
1109,3,9,1,39000,4680.0,34320.0
1109,15,43,1,65000,7800.0,57200.0
1109,16,47,1,69000,8280.0,60720.0
1110,4,10,1,29000,30000.0,-1000.0
1110,10,27,1,65000,30000.0,35000.0
1110,13,38,1,69000,30000.0,39000.0
1110,13,36,1,55000,30000.0,25000.0
1111,13,37,1,65000,7800.0,57200.0
1111,8,23,1,49000,5880.0,43120.0
1112,13,37,1,65000,10000.0,55000.0
1113,13,37,1,65000,0.0,65000.0
1114,6,18,1,55000,0.0,55000.0
1114,1,1,1,29000,0.0,29000.0
1114,3,7,1,29000,0.0,29000.0
1115,25,60,1,35000,0.0,35000.0
1115,18,52,1,55000,0.0,55000.0
1116,20,55,1,45000,30000.0,15000.0
1116,9,26,1,79000,30000.0,49000.0
1116,3,9,1,39000,30000.0,9000.0
1117,19,54,1,45000,10000.0,35000.0
1117,27,62,1,110000,10000.0,100000.0
1117,1,3,1,45000,10000.0,35000.0
1117,6,18,1,55000,10000.0,45000.0
1117,23,58,1,55000,10000.0,45000.0
1117,7,19,1,45000,10000.0,35000.0
1117,2,4,2,58000,10000.0,48000.0
1117,13,36,1,55000,10000.0,45000.0
1117,10,27,1,65000,10000.0,55000.0
1117,3,8,1,34000,10000.0,24000.0
1117,12,35,1,69000,10000.0,59000.0
1117,28,63,1,120000,10000.0,110000.0
1117,5,15,1,55000,10000.0,45000.0
1118,13,36,1,55000,0.0,55000.0
1118,4,11,1,39000,0.0,39000.0
1118,22,57,1,55000,0.0,55000.0
1118,6,16,1,45000,0.0,45000.0
1118,5,14,1,49000,0.0,49000.0
1118,5,15,1,55000,0.0,55000.0
1119,16,46,1,55000,6600.0,48400.0
1120,12,34,1,65000,11700.0,53300.0
1121,18,51,1,45000,5400.0,39600.0
1121,7,20,1,49000,5880.0,43120.0
1122,18,53,1,69000,12420.0,56580.0
1123,5,14,1,49000,10000.0,39000.0
1124,18,52,1,55000,6600.0,48400.0
1124,14,39,1,55000,6600.0,48400.0
1124,7,19,1,45000,5400.0,39600.0
1124,3,8,1,34000,4080.0,29920.0
1124,28,63,1,120000,14400.0,105600.0
1124,25,60,1,35000,4200.0,30800.0
1124,17,48,1,45000,5400.0,39600.0
1124,5,15,2,110000,13200.0,96800.0
1124,13,37,1,65000,7800.0,57200.0
1124,12,34,1,65000,7800.0,57200.0
1124,22,57,1,55000,6600.0,48400.0
1124,24,59,1,55000,6600.0,48400.0
1124,13,36,1,55000,6600.0,48400.0
1125,29,64,1,150000,18000.0,132000.0
1125,13,37,1,65000,7800.0,57200.0
1125,30,65,1,200000,24000.0,176000.0
1125,4,11,1,39000,4680.0,34320.0
1125,25,60,1,35000,4200.0,30800.0
1125,18,53,1,69000,8280.0,60720.0
1126,1,1,1,29000,3480.0,25520.0
1126,12,33,1,55000,6600.0,48400.0
1127,13,37,1,65000,7800.0,57200.0
1127,26,61,1,100000,12000.0,88000.0
1127,12,35,1,69000,8280.0,60720.0
1127,16,46,1,55000,6600.0,48400.0
1128,6,18,1,55000,9900.0,45100.0
1129,2,6,1,39000,0.0,39000.0
1129,16,45,1,45000,0.0,45000.0
1130,1,2,1,39000,30000.0,9000.0
1131,4,10,1,29000,30000.0,-1000.0
1132,22,57,1,55000,30000.0,25000.0
1132,13,37,1,65000,30000.0,35000.0
1132,5,13,1,45000,30000.0,15000.0
1133,6,17,2,98000,11760.0,86240.0
1134,15,44,1,69000,12420.0,56580.0
1134,2,4,1,29000,5220.0,23780.0
1135,6,16,1,45000,0.0,45000.0
1136,20,55,1,45000,3600.0,41400.0
1136,1,1,1,29000,2320.0,26680.0
1136,11,30,1,69000,5520.0,63480.0
1136,8,22,1,45000,3600.0,41400.0
1136,7,20,1,49000,3920.0,45080.0
1136,13,37,1,65000,5200.0,59800.0
1136,2,5,1,34000,2720.0,31280.0
1137,8,23,1,49000,30000.0,19000.0
1137,6,18,1,55000,30000.0,25000.0
1137,7,20,1,49000,30000.0,19000.0
1137,5,13,2,90000,30000.0,60000.0
1138,19,54,1,45000,10000.0,35000.0
1139,12,33,1,55000,10000.0,45000.0
1139,4,12,1,45000,10000.0,35000.0
1139,9,24,1,65000,10000.0,55000.0
1140,4,10,1,29000,0.0,29000.0
1140,8,23,1,49000,0.0,49000.0
1141,18,52,1,55000,30000.0,25000.0
1141,26,61,1,100000,30000.0,70000.0
1142,17,50,1,69000,12420.0,56580.0
1142,8,22,1,45000,8100.0,36900.0
1143,20,55,1,45000,30000.0,15000.0
1144,7,19,1,45000,10000.0,35000.0
1145,7,20,1,49000,30000.0,19000.0
1146,18,51,1,45000,5400.0,39600.0
1146,4,11,1,39000,4680.0,34320.0
1146,12,33,1,55000,6600.0,48400.0
1147,10,29,1,79000,14220.0,64780.0
1148,3,8,1,34000,30000.0,4000.0
1148,12,35,1,69000,30000.0,39000.0
1149,9,26,1,79000,0.0,79000.0
1150,12,34,1,65000,30000.0,35000.0
1151,23,58,1,55000,9900.0,45100.0
1152,21,56,1,45000,8100.0,36900.0
1153,26,61,1,100000,12000.0,88000.0
1153,3,7,1,29000,3480.0,25520.0
1153,15,42,1,55000,6600.0,48400.0
1153,16,46,1,55000,6600.0,48400.0
1153,9,25,1,75000,9000.0,66000.0
1153,7,21,1,55000,6600.0,48400.0
1153,25,60,1,35000,4200.0,30800.0
1153,3,9,1,39000,4680.0,34320.0
1153,17,48,1,45000,5400.0,39600.0
1153,11,31,1,79000,9480.0,69520.0
1153,11,30,1,69000,8280.0,60720.0
1153,30,65,1,200000,24000.0,176000.0
1154,26,61,1,100000,10000.0,90000.0
1154,16,46,1,55000,10000.0,45000.0
1154,16,45,1,45000,10000.0,35000.0
1154,3,9,1,39000,10000.0,29000.0
1154,9,25,1,75000,10000.0,65000.0
1154,5,13,1,45000,10000.0,35000.0
1155,14,41,1,69000,8280.0,60720.0
1156,16,47,1,69000,30000.0,39000.0
1156,15,42,1,55000,30000.0,25000.0
1157,9,26,1,79000,0.0,79000.0
1158,22,57,1,55000,4400.0,50600.0
1158,9,24,1,65000,5200.0,59800.0
1159,21,56,1,45000,3600.0,41400.0
1159,20,55,1,45000,3600.0,41400.0
1160,28,63,1,120000,9600.0,110400.0
1161,14,40,1,65000,10000.0,55000.0
1162,30,65,1,200000,10000.0,190000.0
1162,11,31,1,79000,10000.0,69000.0
1162,9,25,1,75000,10000.0,65000.0
1163,11,30,1,69000,30000.0,39000.0
1163,1,3,1,45000,30000.0,15000.0
1164,5,15,1,55000,10000.0,45000.0
1165,18,51,1,45000,30000.0,15000.0
1165,17,49,1,55000,30000.0,25000.0
1166,21,56,1,45000,5400.0,39600.0
1166,4,11,1,39000,4680.0,34320.0
1167,14,39,1,55000,0.0,55000.0
1168,23,58,1,55000,6600.0,48400.0
1168,5,15,1,55000,6600.0,48400.0
1168,18,51,1,45000,5400.0,39600.0
1168,3,8,1,34000,4080.0,29920.0
1168,1,2,1,39000,4680.0,34320.0
1168,19,54,1,45000,5400.0,39600.0
1168,7,21,1,55000,6600.0,48400.0
1168,16,45,1,45000,5400.0,39600.0
1168,13,38,1,69000,8280.0,60720.0
1169,10,29,1,79000,30000.0,49000.0
1169,5,14,1,49000,30000.0,19000.0
1169,25,60,1,35000,30000.0,5000.0
1169,1,2,1,39000,30000.0,9000.0
1169,18,53,2,138000,30000.0,108000.0
1170,2,4,1,29000,2320.0,26680.0
1171,5,14,1,49000,0.0,49000.0
1172,8,23,1,49000,0.0,49000.0
1172,10,28,1,75000,0.0,75000.0
1173,1,3,1,45000,3600.0,41400.0
1173,14,41,1,69000,5520.0,63480.0
1173,18,51,1,45000,3600.0,41400.0
1173,5,14,1,49000,3920.0,45080.0
1174,11,31,1,79000,6320.0,72680.0
1174,8,22,1,45000,3600.0,41400.0
1174,4,11,1,39000,3120.0,35880.0
1174,29,64,1,150000,12000.0,138000.0
1175,27,62,1,110000,13200.0,96800.0
1175,13,36,1,55000,6600.0,48400.0
1176,9,26,1,79000,14220.0,64780.0
1176,17,49,1,55000,9900.0,45100.0
1177,4,10,1,29000,30000.0,-1000.0
1178,3,8,1,34000,6120.0,27880.0
1178,17,50,1,69000,12420.0,56580.0
1179,11,32,1,85000,30000.0,55000.0
1179,14,39,1,55000,30000.0,25000.0
1179,12,35,1,69000,30000.0,39000.0
1179,6,16,1,45000,30000.0,15000.0
1179,10,27,1,65000,30000.0,35000.0
1179,2,5,3,102000,30000.0,72000.0
1179,5,15,1,55000,30000.0,25000.0
1179,13,36,1,55000,30000.0,25000.0
1179,13,38,1,69000,30000.0,39000.0
1179,9,26,1,79000,30000.0,49000.0
1179,18,52,1,55000,30000.0,25000.0
1179,13,37,1,65000,30000.0,35000.0
1179,8,23,1,49000,30000.0,19000.0
1179,27,62,1,110000,30000.0,80000.0
1179,18,53,1,69000,30000.0,39000.0
1179,25,60,1,35000,30000.0,5000.0
1179,15,42,1,55000,30000.0,25000.0
1180,10,27,1,65000,5200.0,59800.0
1180,3,7,1,29000,2320.0,26680.0
1181,12,35,1,69000,30000.0,39000.0
1181,11,30,1,69000,30000.0,39000.0
1182,17,48,1,45000,3600.0,41400.0
1183,25,60,1,35000,10000.0,25000.0
1183,16,47,1,69000,10000.0,59000.0
1183,18,51,1,45000,10000.0,35000.0
1183,14,39,1,55000,10000.0,45000.0
1183,14,40,1,65000,10000.0,55000.0
1184,15,44,1,69000,5520.0,63480.0
1184,19,54,1,45000,3600.0,41400.0
1185,12,34,1,65000,5200.0,59800.0
1185,5,13,1,45000,3600.0,41400.0
1186,12,33,1,55000,4400.0,50600.0
1187,18,53,1,69000,5520.0,63480.0
1187,11,32,1,85000,6800.0,78200.0
1188,14,40,1,65000,0.0,65000.0
1188,18,53,1,69000,0.0,69000.0
1189,5,15,1,55000,0.0,55000.0
1189,14,39,1,55000,0.0,55000.0
1189,10,29,2,158000,0.0,158000.0
1189,18,51,1,45000,0.0,45000.0
1190,4,12,1,45000,10000.0,35000.0
1190,7,21,1,55000,10000.0,45000.0
1190,25,60,1,35000,10000.0,25000.0
1191,6,18,1,55000,10000.0,45000.0
1191,21,56,1,45000,10000.0,35000.0
1192,12,34,1,65000,30000.0,35000.0
1192,23,58,1,55000,30000.0,25000.0
1192,18,51,1,45000,30000.0,15000.0
1192,14,41,1,69000,30000.0,39000.0
1193,2,6,1,39000,7020.0,31980.0
1194,14,39,1,55000,30000.0,25000.0
1195,14,40,1,65000,7800.0,57200.0
1195,8,22,1,45000,5400.0,39600.0
1195,26,61,1,100000,12000.0,88000.0
1195,9,25,1,75000,9000.0,66000.0
1195,2,4,1,29000,3480.0,25520.0
1195,17,50,1,69000,8280.0,60720.0
1195,6,18,1,55000,6600.0,48400.0
1195,17,49,1,55000,6600.0,48400.0
1195,2,6,1,39000,4680.0,34320.0
1195,13,38,1,69000,8280.0,60720.0
1195,22,57,1,55000,6600.0,48400.0
1195,28,63,1,120000,14400.0,105600.0
1196,4,11,1,39000,0.0,39000.0
1197,29,64,1,150000,10000.0,140000.0
1197,3,9,1,39000,10000.0,29000.0
1198,13,36,1,55000,4400.0,50600.0
1198,17,49,1,55000,4400.0,50600.0
1199,18,52,1,55000,0.0,55000.0
1200,8,23,1,49000,10000.0,39000.0
1201,3,9,1,39000,7020.0,31980.0
1202,28,63,1,120000,10000.0,110000.0
1202,11,32,1,85000,10000.0,75000.0
1203,6,16,1,45000,8100.0,36900.0
1203,6,18,1,55000,9900.0,45100.0
1203,5,15,1,55000,9900.0,45100.0
1203,13,36,1,55000,9900.0,45100.0
1203,27,62,1,110000,19800.0,90200.0
1203,17,50,1,69000,12420.0,56580.0
1204,6,16,1,45000,0.0,45000.0
1204,7,21,1,55000,0.0,55000.0
1205,14,41,1,69000,12420.0,56580.0
1205,6,17,1,49000,8820.0,40180.0
1205,16,46,1,55000,9900.0,45100.0
1205,2,6,1,39000,7020.0,31980.0
1205,14,40,1,65000,11700.0,53300.0
1205,15,42,1,55000,9900.0,45100.0
1205,7,20,1,49000,8820.0,40180.0
1205,9,25,1,75000,13500.0,61500.0
1205,18,53,1,69000,12420.0,56580.0
1205,10,28,1,75000,13500.0,61500.0
1205,15,43,1,65000,11700.0,53300.0
1205,5,15,1,55000,9900.0,45100.0
1205,13,38,1,69000,12420.0,56580.0
1206,19,54,1,45000,10000.0,35000.0
1206,25,60,1,35000,10000.0,25000.0
1207,16,47,1,69000,0.0,69000.0
1208,5,13,1,45000,3600.0,41400.0
1208,15,43,1,65000,5200.0,59800.0
1208,3,7,2,58000,4640.0,53360.0
1208,10,29,1,79000,6320.0,72680.0
1208,16,47,1,69000,5520.0,63480.0
1208,23,58,1,55000,4400.0,50600.0
1208,9,24,1,65000,5200.0,59800.0
1208,13,38,1,69000,5520.0,63480.0
1208,11,32,1,85000,6800.0,78200.0
1208,11,31,1,79000,6320.0,72680.0
1209,15,42,1,55000,10000.0,45000.0
1209,25,60,1,35000,10000.0,25000.0
1209,29,64,1,150000,10000.0,140000.0
1210,16,47,1,69000,0.0,69000.0
1210,8,23,1,49000,0.0,49000.0
1210,5,14,1,49000,0.0,49000.0
1210,21,56,1,45000,0.0,45000.0
1210,12,35,1,69000,0.0,69000.0
1210,16,46,1,55000,0.0,55000.0
1211,29,64,2,300000,36000.0,264000.0
1211,18,53,1,69000,8280.0,60720.0
1211,11,31,1,79000,9480.0,69520.0
1211,24,59,1,55000,6600.0,48400.0
1211,1,1,1,29000,3480.0,25520.0
1212,22,57,1,55000,30000.0,25000.0
1212,10,29,1,79000,30000.0,49000.0
1213,23,58,1,55000,0.0,55000.0
1214,4,11,1,39000,7020.0,31980.0
1215,15,42,1,55000,6600.0,48400.0
1215,20,55,1,45000,5400.0,39600.0
1216,9,26,1,79000,9480.0,69520.0
1216,12,33,1,55000,6600.0,48400.0
1216,1,3,1,45000,5400.0,39600.0
1216,10,29,1,79000,9480.0,69520.0
1216,16,45,1,45000,5400.0,39600.0
1217,15,43,1,65000,30000.0,35000.0
1217,9,25,1,75000,30000.0,45000.0
1217,2,5,1,34000,30000.0,4000.0
1217,4,11,1,39000,30000.0,9000.0
1217,3,7,1,29000,30000.0,-1000.0
1218,29,64,1,150000,27000.0,123000.0
1218,5,13,1,45000,8100.0,36900.0
1219,30,65,1,200000,36000.0,164000.0
1220,13,38,1,69000,30000.0,39000.0
1220,9,26,1,79000,30000.0,49000.0
1220,10,28,1,75000,30000.0,45000.0
1221,16,47,1,69000,30000.0,39000.0
1222,18,52,1,55000,30000.0,25000.0
1222,11,30,1,69000,30000.0,39000.0
1222,14,41,1,69000,30000.0,39000.0
1222,29,64,1,150000,30000.0,120000.0
1222,7,20,1,49000,30000.0,19000.0
1223,19,54,1,45000,30000.0,15000.0
1223,25,60,1,35000,30000.0,5000.0
1224,28,63,1,120000,21600.0,98400.0
1224,13,36,1,55000,9900.0,45100.0
1225,18,52,1,55000,9900.0,45100.0
1225,9,25,1,75000,13500.0,61500.0
1226,11,30,1,69000,0.0,69000.0
1226,1,1,1,29000,0.0,29000.0
1227,5,15,1,55000,10000.0,45000.0
1227,19,54,1,45000,10000.0,35000.0
1228,7,20,1,49000,30000.0,19000.0
1228,14,41,1,69000,30000.0,39000.0
1228,16,47,1,69000,30000.0,39000.0
1229,21,56,1,45000,8100.0,36900.0
1229,4,11,1,39000,7020.0,31980.0
1229,6,16,2,90000,16200.0,73800.0
1229,1,3,1,45000,8100.0,36900.0
1229,8,23,1,49000,8820.0,40180.0
1229,2,5,1,34000,6120.0,27880.0
1229,23,58,1,55000,9900.0,45100.0
1229,18,52,1,55000,9900.0,45100.0
1229,16,46,1,55000,9900.0,45100.0
1229,10,28,1,75000,13500.0,61500.0
1229,10,29,1,79000,14220.0,64780.0
1229,9,25,1,75000,13500.0,61500.0
1229,7,21,1,55000,9900.0,45100.0
1229,29,64,1,150000,27000.0,123000.0
1229,3,9,1,39000,7020.0,31980.0
1229,13,36,1,55000,9900.0,45100.0
1229,17,49,1,55000,9900.0,45100.0
1229,12,34,1,65000,11700.0,53300.0
1230,4,11,1,39000,3120.0,35880.0
1230,30,65,1,200000,16000.0,184000.0
1231,10,28,1,75000,0.0,75000.0
1232,7,19,1,45000,30000.0,15000.0
1233,17,48,1,45000,0.0,45000.0
1234,12,33,2,110000,13200.0,96800.0
1234,18,52,1,55000,6600.0,48400.0
1234,10,27,1,65000,7800.0,57200.0
1234,2,4,1,29000,3480.0,25520.0
1234,10,29,1,79000,9480.0,69520.0
1235,8,22,1,45000,10000.0,35000.0
1236,26,61,1,100000,0.0,100000.0
1236,7,20,1,49000,0.0,49000.0
1236,6,18,1,55000,0.0,55000.0
1236,1,2,1,39000,0.0,39000.0
1236,17,48,1,45000,0.0,45000.0
1236,15,42,1,55000,0.0,55000.0
1236,7,21,1,55000,0.0,55000.0
1236,8,22,1,45000,0.0,45000.0
1236,1,1,1,29000,0.0,29000.0
1236,18,52,1,55000,0.0,55000.0
1237,28,63,1,120000,21600.0,98400.0
1237,6,18,1,55000,9900.0,45100.0
1237,10,27,1,65000,11700.0,53300.0
1237,13,37,1,65000,11700.0,53300.0
1237,12,34,1,65000,11700.0,53300.0
1237,23,58,1,55000,9900.0,45100.0
1238,3,9,1,39000,7020.0,31980.0
1238,25,60,1,35000,6300.0,28700.0
1239,3,8,1,34000,2720.0,31280.0
1239,16,46,1,55000,4400.0,50600.0
1239,11,31,1,79000,6320.0,72680.0
1239,15,43,1,65000,5200.0,59800.0
1239,6,18,1,55000,4400.0,50600.0
1240,16,46,1,55000,30000.0,25000.0
1240,2,6,1,39000,30000.0,9000.0
1240,17,50,1,69000,30000.0,39000.0
1240,19,54,1,45000,30000.0,15000.0
1241,9,25,1,75000,30000.0,45000.0
1242,11,32,1,85000,10000.0,75000.0
1242,22,57,1,55000,10000.0,45000.0
1243,17,48,2,90000,10000.0,80000.0
1243,14,39,1,55000,10000.0,45000.0
1243,28,63,2,240000,10000.0,230000.0
1243,23,58,1,55000,10000.0,45000.0
1243,2,6,1,39000,10000.0,29000.0
1243,11,31,1,79000,10000.0,69000.0
1243,14,40,1,65000,10000.0,55000.0
1243,18,52,1,55000,10000.0,45000.0
1244,11,30,1,69000,10000.0,59000.0
1245,6,16,1,45000,3600.0,41400.0
1245,11,31,1,79000,6320.0,72680.0
1245,23,58,1,55000,4400.0,50600.0
1245,10,28,1,75000,6000.0,69000.0
1246,16,45,1,45000,8100.0,36900.0
1246,7,21,1,55000,9900.0,45100.0
1247,7,21,1,55000,10000.0,45000.0
1248,26,61,1,100000,8000.0,92000.0
1249,11,30,1,69000,0.0,69000.0
1249,17,48,1,45000,0.0,45000.0
1249,12,33,1,55000,0.0,55000.0
1249,7,19,1,45000,0.0,45000.0
1249,13,37,1,65000,0.0,65000.0
1250,28,63,1,120000,14400.0,105600.0
1250,12,34,1,65000,7800.0,57200.0
1251,12,35,1,69000,8280.0,60720.0
1252,2,5,1,34000,30000.0,4000.0
1252,14,40,1,65000,30000.0,35000.0
1253,27,62,1,110000,0.0,110000.0
1253,13,36,1,55000,0.0,55000.0
1253,14,41,1,69000,0.0,69000.0
1253,13,38,1,69000,0.0,69000.0
1253,1,1,2,58000,0.0,58000.0
1254,14,41,1,69000,8280.0,60720.0
1254,7,19,1,45000,5400.0,39600.0
1255,13,38,1,69000,30000.0,39000.0
1256,15,44,1,69000,30000.0,39000.0
1256,3,7,1,29000,30000.0,-1000.0
1257,15,43,1,65000,7800.0,57200.0
1258,12,34,1,65000,30000.0,35000.0
1258,2,6,1,39000,30000.0,9000.0
1258,18,53,1,69000,30000.0,39000.0
1258,26,61,1,100000,30000.0,70000.0
1258,11,31,1,79000,30000.0,49000.0
1258,10,27,1,65000,30000.0,35000.0
1259,22,57,1,55000,0.0,55000.0
1259,10,29,1,79000,0.0,79000.0
1259,4,11,1,39000,0.0,39000.0
1259,24,59,1,55000,0.0,55000.0
1259,8,22,1,45000,0.0,45000.0
1259,11,30,1,69000,0.0,69000.0
1260,9,25,1,75000,30000.0,45000.0
1260,2,4,1,29000,30000.0,-1000.0
1260,6,18,2,110000,30000.0,80000.0
1260,10,28,1,75000,30000.0,45000.0
1260,16,47,1,69000,30000.0,39000.0
1261,15,43,1,65000,30000.0,35000.0
1261,27,62,1,110000,30000.0,80000.0
1261,5,14,1,49000,30000.0,19000.0
1262,25,60,1,35000,30000.0,5000.0
1262,30,65,1,200000,30000.0,170000.0
1262,15,44,1,69000,30000.0,39000.0
1262,24,59,1,55000,30000.0,25000.0
1262,11,31,1,79000,30000.0,49000.0
1262,11,32,1,85000,30000.0,55000.0
1263,20,55,1,45000,8100.0,36900.0
1263,10,28,1,75000,13500.0,61500.0
1264,10,29,1,79000,6320.0,72680.0
1264,14,40,1,65000,5200.0,59800.0
1265,13,38,1,69000,30000.0,39000.0
1266,2,4,1,29000,10000.0,19000.0
1266,2,5,1,34000,10000.0,24000.0
1266,11,30,1,69000,10000.0,59000.0
1266,16,46,1,55000,10000.0,45000.0
1266,5,14,1,49000,10000.0,39000.0
1267,26,61,1,100000,30000.0,70000.0
1268,11,32,1,85000,30000.0,55000.0
1268,9,24,1,65000,30000.0,35000.0
1269,1,2,1,39000,3120.0,35880.0
1269,5,15,1,55000,4400.0,50600.0
1270,14,39,1,55000,6600.0,48400.0
1270,26,61,1,100000,12000.0,88000.0
1270,4,12,1,45000,5400.0,39600.0
1270,17,49,1,55000,6600.0,48400.0
1271,8,23,1,49000,8820.0,40180.0
1271,12,35,1,69000,12420.0,56580.0
1271,1,3,1,45000,8100.0,36900.0
1271,10,27,1,65000,11700.0,53300.0
1271,28,63,1,120000,21600.0,98400.0
1272,5,13,1,45000,3600.0,41400.0
1273,1,2,1,39000,3120.0,35880.0
1274,15,44,1,69000,8280.0,60720.0
1275,17,50,1,69000,8280.0,60720.0
1275,6,17,1,49000,5880.0,43120.0
1275,24,59,1,55000,6600.0,48400.0
1275,6,16,1,45000,5400.0,39600.0
1275,5,14,1,49000,5880.0,43120.0
1276,16,45,1,45000,30000.0,15000.0
1276,2,6,1,39000,30000.0,9000.0
1277,12,35,1,69000,10000.0,59000.0
1277,3,9,1,39000,10000.0,29000.0
1278,28,63,1,120000,9600.0,110400.0
1278,18,53,1,69000,5520.0,63480.0
1278,4,11,1,39000,3120.0,35880.0
1279,15,43,1,65000,30000.0,35000.0
1279,12,34,1,65000,30000.0,35000.0
1279,19,54,1,45000,30000.0,15000.0
1279,13,38,1,69000,30000.0,39000.0
1279,11,30,1,69000,30000.0,39000.0
1280,14,40,1,65000,30000.0,35000.0
1280,9,24,1,65000,30000.0,35000.0
1280,18,51,1,45000,30000.0,15000.0
1280,2,6,1,39000,30000.0,9000.0
1280,5,13,1,45000,30000.0,15000.0
1280,7,21,1,55000,30000.0,25000.0
1281,8,22,1,45000,8100.0,36900.0
1281,18,53,1,69000,12420.0,56580.0
1282,8,23,1,49000,30000.0,19000.0
1282,9,24,1,65000,30000.0,35000.0
1283,8,23,1,49000,8820.0,40180.0
1283,6,16,1,45000,8100.0,36900.0
1283,9,25,1,75000,13500.0,61500.0
1283,14,41,1,69000,12420.0,56580.0
1284,4,10,1,29000,30000.0,-1000.0
1285,28,63,1,120000,21600.0,98400.0
1285,14,39,1,55000,9900.0,45100.0
1286,11,31,1,79000,10000.0,69000.0
1286,15,43,1,65000,10000.0,55000.0
1286,4,11,1,39000,10000.0,29000.0
1287,11,32,1,85000,15300.0,69700.0
1288,16,47,1,69000,12420.0,56580.0
1288,10,28,1,75000,13500.0,61500.0
1288,6,16,1,45000,8100.0,36900.0
1288,23,58,1,55000,9900.0,45100.0
1289,30,65,1,200000,24000.0,176000.0
1289,16,45,1,45000,5400.0,39600.0
1289,17,48,1,45000,5400.0,39600.0
1290,15,44,1,69000,30000.0,39000.0
1290,2,5,1,34000,30000.0,4000.0
1291,5,15,1,55000,10000.0,45000.0
1291,9,25,1,75000,10000.0,65000.0
1292,29,64,1,150000,30000.0,120000.0
1293,15,43,1,65000,10000.0,55000.0
1293,18,53,1,69000,10000.0,59000.0
1294,25,60,1,35000,30000.0,5000.0
1294,9,24,1,65000,30000.0,35000.0
1295,5,13,1,45000,8100.0,36900.0
1295,24,59,1,55000,9900.0,45100.0
1296,17,49,1,55000,30000.0,25000.0
1297,12,35,1,69000,30000.0,39000.0
1298,26,61,1,100000,0.0,100000.0
1299,27,62,1,110000,19800.0,90200.0
1299,15,42,1,55000,9900.0,45100.0
1299,20,55,1,45000,8100.0,36900.0
1299,5,13,1,45000,8100.0,36900.0
1299,4,12,1,45000,8100.0,36900.0
1299,4,11,1,39000,7020.0,31980.0
1299,2,5,1,34000,6120.0,27880.0
1299,18,51,1,45000,8100.0,36900.0
1299,6,16,1,45000,8100.0,36900.0
1299,18,52,1,55000,9900.0,45100.0
1299,30,65,1,200000,36000.0,164000.0
1300,1,2,1,39000,4680.0,34320.0
1301,17,50,1,69000,8280.0,60720.0
1301,13,37,1,65000,7800.0,57200.0
1301,13,38,1,69000,8280.0,60720.0
1301,3,8,1,34000,4080.0,29920.0
1301,6,17,1,49000,5880.0,43120.0
1301,3,9,1,39000,4680.0,34320.0
1302,12,33,1,55000,6600.0,48400.0
1302,4,12,1,45000,5400.0,39600.0
1302,13,38,1,69000,8280.0,60720.0
1303,15,44,1,69000,10000.0,59000.0
1304,24,59,1,55000,9900.0,45100.0
1304,15,43,1,65000,11700.0,53300.0
1305,8,23,1,49000,0.0,49000.0
1305,25,60,1,35000,0.0,35000.0
1306,3,9,1,39000,3120.0,35880.0
1306,7,21,1,55000,4400.0,50600.0
1307,14,40,1,65000,5200.0,59800.0
1307,15,42,1,55000,4400.0,50600.0
1308,7,19,1,45000,0.0,45000.0
1308,15,43,1,65000,0.0,65000.0
1309,26,61,1,100000,10000.0,90000.0
1309,17,50,1,69000,10000.0,59000.0
1310,5,14,1,49000,3920.0,45080.0
1311,6,16,1,45000,30000.0,15000.0
1311,6,18,1,55000,30000.0,25000.0
1312,18,53,1,69000,5520.0,63480.0
1312,16,45,1,45000,3600.0,41400.0
1312,9,25,1,75000,6000.0,69000.0
1313,7,21,1,55000,10000.0,45000.0
1313,6,16,1,45000,10000.0,35000.0
1314,16,46,1,55000,10000.0,45000.0
1315,14,40,1,65000,0.0,65000.0
1315,14,41,1,69000,0.0,69000.0
1316,13,38,1,69000,5520.0,63480.0
1317,21,56,2,90000,10000.0,80000.0
1317,9,26,1,79000,10000.0,69000.0
1317,6,18,1,55000,10000.0,45000.0
1317,18,53,1,69000,10000.0,59000.0
1318,8,23,1,49000,3920.0,45080.0
1319,18,52,1,55000,6600.0,48400.0
1319,27,62,1,110000,13200.0,96800.0
1320,18,52,1,55000,6600.0,48400.0
1321,3,9,1,39000,10000.0,29000.0
1322,10,29,1,79000,9480.0,69520.0
1323,13,37,1,65000,30000.0,35000.0
1323,8,23,1,49000,30000.0,19000.0
1324,12,34,1,65000,0.0,65000.0
1324,3,9,1,39000,0.0,39000.0
1324,15,44,1,69000,0.0,69000.0
1324,2,5,1,34000,0.0,34000.0
1324,25,60,1,35000,0.0,35000.0
1324,16,47,1,69000,0.0,69000.0
1325,21,56,1,45000,3600.0,41400.0
1325,1,3,1,45000,3600.0,41400.0
1326,18,51,1,45000,30000.0,15000.0
1327,10,28,1,75000,6000.0,69000.0
1327,9,26,1,79000,6320.0,72680.0
1328,15,44,1,69000,0.0,69000.0
1328,6,17,1,49000,0.0,49000.0
1328,11,32,1,85000,0.0,85000.0
1328,16,46,1,55000,0.0,55000.0
1328,1,3,1,45000,0.0,45000.0
1328,9,24,1,65000,0.0,65000.0
1329,15,44,1,69000,0.0,69000.0
1329,13,38,1,69000,0.0,69000.0
1329,1,3,1,45000,0.0,45000.0
1329,10,29,1,79000,0.0,79000.0
1329,11,32,1,85000,0.0,85000.0
1330,3,9,1,39000,4680.0,34320.0
1331,1,1,1,29000,3480.0,25520.0
1332,11,31,1,79000,30000.0,49000.0
1332,7,21,1,55000,30000.0,25000.0
1333,5,13,1,45000,30000.0,15000.0
1333,10,29,1,79000,30000.0,49000.0
1334,17,50,1,69000,12420.0,56580.0
1335,14,40,1,65000,10000.0,55000.0
1336,7,20,1,49000,3920.0,45080.0
1336,30,65,1,200000,16000.0,184000.0
1336,11,30,1,69000,5520.0,63480.0
1336,13,38,1,69000,5520.0,63480.0
1336,13,37,1,65000,5200.0,59800.0
1336,1,3,1,45000,3600.0,41400.0
1337,7,19,1,45000,8100.0,36900.0
1337,15,43,1,65000,11700.0,53300.0
1338,3,7,1,29000,3480.0,25520.0
1338,24,59,1,55000,6600.0,48400.0
1338,6,18,1,55000,6600.0,48400.0
1338,13,37,1,65000,7800.0,57200.0
1338,1,3,1,45000,5400.0,39600.0
1339,24,59,1,55000,30000.0,25000.0
1339,4,10,1,29000,30000.0,-1000.0
1340,9,26,1,79000,10000.0,69000.0
1341,30,65,1,200000,10000.0,190000.0
1342,17,48,1,45000,30000.0,15000.0
1342,12,34,1,65000,30000.0,35000.0
1343,14,40,1,65000,10000.0,55000.0
1344,13,37,1,65000,10000.0,55000.0
1344,9,26,1,79000,10000.0,69000.0
1345,10,28,1,75000,30000.0,45000.0
1346,11,31,1,79000,14220.0,64780.0
1346,1,2,1,39000,7020.0,31980.0
1347,2,4,1,29000,0.0,29000.0
1347,1,3,1,45000,0.0,45000.0
1348,4,10,1,29000,5220.0,23780.0
1349,21,56,1,45000,5400.0,39600.0
1350,11,30,1,69000,5520.0,63480.0
1350,3,8,1,34000,2720.0,31280.0
1351,6,18,1,55000,10000.0,45000.0
1352,11,31,1,79000,14220.0,64780.0
1353,2,4,1,29000,30000.0,-1000.0
1354,5,13,1,45000,30000.0,15000.0
1354,12,33,1,55000,30000.0,25000.0
1355,24,59,1,55000,9900.0,45100.0
1356,10,27,1,65000,30000.0,35000.0
1356,16,45,1,45000,30000.0,15000.0
1357,16,46,1,55000,9900.0,45100.0
1358,17,50,1,69000,30000.0,39000.0
1359,11,30,1,69000,30000.0,39000.0
1359,15,42,1,55000,30000.0,25000.0
1360,13,37,1,65000,30000.0,35000.0
1360,12,35,1,69000,30000.0,39000.0
1360,9,24,1,65000,30000.0,35000.0
1361,17,49,1,55000,30000.0,25000.0
1361,3,8,1,34000,30000.0,4000.0
1362,10,27,1,65000,7800.0,57200.0
1362,17,48,1,45000,5400.0,39600.0
1363,17,48,1,45000,30000.0,15000.0
1363,18,53,1,69000,30000.0,39000.0
1364,21,56,1,45000,5400.0,39600.0
1364,3,7,1,29000,3480.0,25520.0
1365,15,44,1,69000,8280.0,60720.0
1366,16,47,1,69000,5520.0,63480.0
1367,21,56,1,45000,8100.0,36900.0
1367,1,2,1,39000,7020.0,31980.0
1367,2,4,1,29000,5220.0,23780.0
1368,2,4,1,29000,3480.0,25520.0
1368,6,16,1,45000,5400.0,39600.0
1369,10,28,1,75000,0.0,75000.0
1370,16,46,1,55000,0.0,55000.0
1371,14,40,1,65000,5200.0,59800.0
1371,2,5,1,34000,2720.0,31280.0
1372,16,46,1,55000,6600.0,48400.0
1373,18,52,1,55000,4400.0,50600.0
1373,16,46,1,55000,4400.0,50600.0
1373,12,34,1,65000,5200.0,59800.0
1374,24,59,1,55000,10000.0,45000.0
1374,14,40,1,65000,10000.0,55000.0
1375,8,23,1,49000,30000.0,19000.0
1376,15,42,1,55000,4400.0,50600.0
1377,9,25,1,75000,10000.0,65000.0
1377,3,7,1,29000,10000.0,19000.0
1378,13,38,1,69000,12420.0,56580.0
1378,20,55,1,45000,8100.0,36900.0
1379,12,35,1,69000,12420.0,56580.0
1380,11,32,1,85000,30000.0,55000.0
1380,4,12,1,45000,30000.0,15000.0
1380,17,49,1,55000,30000.0,25000.0
1380,15,43,1,65000,30000.0,35000.0
1380,12,33,1,55000,30000.0,25000.0
1380,6,16,1,45000,30000.0,15000.0
1381,20,55,1,45000,10000.0,35000.0
1382,6,18,1,55000,0.0,55000.0
1382,10,29,1,79000,0.0,79000.0
1382,27,62,1,110000,0.0,110000.0
1382,14,41,1,69000,0.0,69000.0
1382,19,54,1,45000,0.0,45000.0
1382,2,4,1,29000,0.0,29000.0
1382,15,44,1,69000,0.0,69000.0
1382,5,13,1,45000,0.0,45000.0
1382,4,10,1,29000,0.0,29000.0
1382,18,53,1,69000,0.0,69000.0
1382,12,35,1,69000,0.0,69000.0
1382,3,9,2,78000,0.0,78000.0
1382,25,60,1,35000,0.0,35000.0
1382,5,15,2,110000,0.0,110000.0
1382,11,30,1,69000,0.0,69000.0
1382,3,7,1,29000,0.0,29000.0
1383,13,36,1,55000,6600.0,48400.0
1383,23,58,1,55000,6600.0,48400.0
1384,14,39,1,55000,10000.0,45000.0
1384,11,30,1,69000,10000.0,59000.0
1384,2,4,1,29000,10000.0,19000.0
1384,30,65,1,200000,10000.0,190000.0
1385,30,65,1,200000,24000.0,176000.0
1385,4,10,1,29000,3480.0,25520.0
1386,26,61,1,100000,12000.0,88000.0
1386,24,59,1,55000,6600.0,48400.0
1387,17,49,1,55000,6600.0,48400.0
1388,18,53,1,69000,0.0,69000.0
1388,18,52,1,55000,0.0,55000.0
1389,13,38,1,69000,30000.0,39000.0
1390,23,58,1,55000,10000.0,45000.0
1391,15,42,1,55000,9900.0,45100.0
1391,10,29,1,79000,14220.0,64780.0
1391,11,30,1,69000,12420.0,56580.0
1391,15,44,1,69000,12420.0,56580.0
1391,4,10,1,29000,5220.0,23780.0
1391,18,52,1,55000,9900.0,45100.0
1391,1,1,1,29000,5220.0,23780.0
1391,13,37,1,65000,11700.0,53300.0
1391,2,5,1,34000,6120.0,27880.0
1391,16,46,1,55000,9900.0,45100.0
1392,17,50,2,138000,16560.0,121440.0
1393,16,47,1,69000,12420.0,56580.0
1394,13,38,1,69000,30000.0,39000.0
1394,18,53,1,69000,30000.0,39000.0
1395,8,22,1,45000,4500.0,40500.0
1396,14,39,1,55000,0.0,55000.0
1397,8,23,1,49000,0.0,49000.0
1397,28,63,2,240000,0.0,240000.0
1397,18,53,1,69000,0.0,69000.0
1397,23,58,1,55000,0.0,55000.0
1397,15,44,1,69000,0.0,69000.0
1398,26,61,1,100000,0.0,100000.0
1399,17,48,1,45000,8100.0,36900.0
1400,28,63,1,120000,12000.0,108000.0
1400,18,53,1,69000,6900.0,62100.0
1401,1,2,1,39000,10000.0,29000.0
1402,29,64,1,150000,30000.0,120000.0
1403,8,22,1,45000,30000.0,15000.0
1404,8,23,1,49000,10000.0,39000.0
1404,1,2,1,39000,10000.0,29000.0
1404,27,62,1,110000,10000.0,100000.0
1404,6,16,1,45000,10000.0,35000.0
1405,7,20,1,49000,0.0,49000.0
1405,2,6,1,39000,0.0,39000.0
1406,20,55,1,45000,0.0,45000.0
1406,17,49,1,55000,0.0,55000.0
1407,5,15,1,55000,6600.0,48400.0
1407,16,45,1,45000,5400.0,39600.0
1408,4,12,1,45000,10000.0,35000.0
1408,6,17,1,49000,10000.0,39000.0
1409,13,36,1,55000,0.0,55000.0
1409,2,6,1,39000,0.0,39000.0
1410,3,8,1,34000,4080.0,29920.0
1410,13,38,1,69000,8280.0,60720.0
1410,25,60,1,35000,4200.0,30800.0
1410,14,39,1,55000,6600.0,48400.0
1410,5,14,1,49000,5880.0,43120.0
1410,16,47,1,69000,8280.0,60720.0
1410,15,44,1,69000,8280.0,60720.0
1411,5,13,1,45000,10000.0,35000.0
1411,3,7,1,29000,10000.0,19000.0
1412,30,65,1,200000,0.0,200000.0
1413,10,27,1,65000,0.0,65000.0
1413,16,45,1,45000,0.0,45000.0
1414,14,40,1,65000,10000.0,55000.0
1415,1,2,1,39000,7020.0,31980.0
1416,12,35,1,69000,30000.0,39000.0
1417,13,36,1,55000,4400.0,50600.0
1417,17,50,1,69000,5520.0,63480.0
1417,7,20,1,49000,3920.0,45080.0
1417,1,2,1,39000,3120.0,35880.0
1417,19,54,1,45000,3600.0,41400.0
1418,15,43,1,65000,11700.0,53300.0
1418,4,10,1,29000,5220.0,23780.0
1419,26,61,1,100000,18000.0,82000.0
1419,4,12,1,45000,8100.0,36900.0
1419,7,21,1,55000,9900.0,45100.0
1420,5,15,1,55000,4400.0,50600.0
1421,18,52,1,55000,4400.0,50600.0
1422,11,31,1,79000,0.0,79000.0
1423,12,35,1,69000,12420.0,56580.0
1423,25,60,1,35000,6300.0,28700.0
1423,3,7,1,29000,5220.0,23780.0
1423,4,10,1,29000,5220.0,23780.0
1423,16,47,1,69000,12420.0,56580.0
1423,9,26,1,79000,14220.0,64780.0
1424,3,7,1,29000,3480.0,25520.0
1425,26,61,1,100000,0.0,100000.0
1426,18,51,1,45000,3600.0,41400.0
1426,2,5,1,34000,2720.0,31280.0
1426,2,6,1,39000,3120.0,35880.0
1426,5,14,1,49000,3920.0,45080.0
1426,3,9,1,39000,3120.0,35880.0
1426,19,54,1,45000,3600.0,41400.0
1426,8,22,1,45000,3600.0,41400.0
1427,4,11,1,39000,10000.0,29000.0
1427,12,35,1,69000,10000.0,59000.0
1428,15,42,1,55000,30000.0,25000.0
1428,8,22,1,45000,30000.0,15000.0
1428,9,24,1,65000,30000.0,35000.0
1428,3,7,1,29000,30000.0,-1000.0
1428,10,29,1,79000,30000.0,49000.0
1428,21,56,1,45000,30000.0,15000.0
1429,8,23,1,49000,8820.0,40180.0
1429,15,43,1,65000,11700.0,53300.0
1430,12,35,1,69000,8280.0,60720.0
1431,13,36,1,55000,0.0,55000.0
1431,4,12,1,45000,0.0,45000.0
1431,9,26,1,79000,0.0,79000.0
1431,10,27,1,65000,0.0,65000.0
1431,16,45,1,45000,0.0,45000.0
1432,18,51,1,45000,5400.0,39600.0
1432,27,62,1,110000,13200.0,96800.0
1433,17,49,1,55000,6600.0,48400.0
1433,15,43,1,65000,7800.0,57200.0
1433,14,41,1,69000,8280.0,60720.0
1433,9,24,1,65000,7800.0,57200.0
1433,3,7,1,29000,3480.0,25520.0
1433,18,51,1,45000,5400.0,39600.0
1434,12,33,1,55000,6600.0,48400.0
1434,6,17,1,49000,5880.0,43120.0
1435,9,25,1,75000,0.0,75000.0
1435,14,39,1,55000,0.0,55000.0
1435,30,65,1,200000,0.0,200000.0
1435,7,19,1,45000,0.0,45000.0
1435,17,50,1,69000,0.0,69000.0
1436,14,39,1,55000,30000.0,25000.0
1436,5,14,1,49000,30000.0,19000.0
1436,14,40,1,65000,30000.0,35000.0
1436,18,53,1,69000,30000.0,39000.0
1437,10,29,1,79000,30000.0,49000.0
1437,3,9,1,39000,30000.0,9000.0
1438,13,37,1,65000,5200.0,59800.0
1438,18,53,1,69000,5520.0,63480.0
1438,5,14,1,49000,3920.0,45080.0
1439,22,57,1,55000,0.0,55000.0
1439,13,38,1,69000,0.0,69000.0
1440,16,45,1,45000,4500.0,40500.0
1441,15,42,1,55000,6600.0,48400.0
1441,8,23,1,49000,5880.0,43120.0
1442,26,61,1,100000,12000.0,88000.0
1443,21,56,1,45000,5400.0,39600.0
1443,11,31,1,79000,9480.0,69520.0
1443,29,64,1,150000,18000.0,132000.0
1443,2,5,1,34000,4080.0,29920.0
1444,15,42,1,55000,0.0,55000.0
1444,26,61,1,100000,0.0,100000.0
1445,11,31,1,79000,6320.0,72680.0
1446,12,34,1,65000,7800.0,57200.0
1446,5,13,1,45000,5400.0,39600.0
1447,23,58,1,55000,4400.0,50600.0
1448,18,52,1,55000,9900.0,45100.0
1448,23,58,1,55000,9900.0,45100.0
1449,15,42,1,55000,10000.0,45000.0
1449,5,14,1,49000,10000.0,39000.0
1449,7,19,1,45000,10000.0,35000.0
1450,7,21,1,55000,6600.0,48400.0
1450,2,5,1,34000,4080.0,29920.0
1451,24,59,1,55000,30000.0,25000.0
1451,5,13,1,45000,30000.0,15000.0
1451,3,7,1,29000,30000.0,-1000.0
1451,12,35,1,69000,30000.0,39000.0
1452,7,21,1,55000,30000.0,25000.0
1452,15,44,1,69000,30000.0,39000.0
1452,10,27,1,65000,30000.0,35000.0
1452,9,24,1,65000,30000.0,35000.0
1453,22,57,1,55000,4400.0,50600.0
1454,4,10,1,29000,3480.0,25520.0
1455,17,49,1,55000,30000.0,25000.0
1455,16,47,1,69000,30000.0,39000.0
1456,13,36,1,55000,30000.0,25000.0
1456,12,34,1,65000,30000.0,35000.0
1457,3,8,2,68000,10000.0,58000.0
1457,13,38,1,69000,10000.0,59000.0
1457,26,61,1,100000,10000.0,90000.0
1457,2,4,1,29000,10000.0,19000.0
1458,6,18,1,55000,6600.0,48400.0
1459,9,24,1,65000,0.0,65000.0
1460,5,15,1,55000,0.0,55000.0
1461,11,32,1,85000,30000.0,55000.0
1462,5,13,1,45000,30000.0,15000.0
1462,3,9,1,39000,30000.0,9000.0
1462,19,54,1,45000,30000.0,15000.0
1462,11,31,1,79000,30000.0,49000.0
1462,5,15,1,55000,30000.0,25000.0
1462,15,42,1,55000,30000.0,25000.0
1463,24,59,1,55000,0.0,55000.0
1464,9,24,1,65000,10000.0,55000.0
1465,20,55,1,45000,30000.0,15000.0
1465,12,33,1,55000,30000.0,25000.0
1466,4,10,1,29000,3480.0,25520.0
1467,13,37,1,65000,10000.0,55000.0
1467,3,9,1,39000,10000.0,29000.0
1468,12,33,1,55000,10000.0,45000.0
1468,25,60,1,35000,10000.0,25000.0
1468,27,62,1,110000,10000.0,100000.0
1468,19,54,1,45000,10000.0,35000.0
1468,3,7,1,29000,10000.0,19000.0
1468,9,25,1,75000,10000.0,65000.0
1469,1,3,1,45000,0.0,45000.0
1470,4,10,1,29000,10000.0,19000.0
1470,1,3,1,45000,10000.0,35000.0
1471,14,39,1,55000,4400.0,50600.0
1471,5,15,1,55000,4400.0,50600.0
1471,30,65,1,200000,16000.0,184000.0
1471,18,51,1,45000,3600.0,41400.0
1472,1,2,1,39000,30000.0,9000.0
1472,17,50,1,69000,30000.0,39000.0
1473,16,45,1,45000,8100.0,36900.0
1473,2,4,1,29000,5220.0,23780.0
1474,18,51,1,45000,5400.0,39600.0
1475,17,50,1,69000,8280.0,60720.0
1475,5,15,1,55000,6600.0,48400.0
1476,18,51,1,45000,8100.0,36900.0
1476,13,36,1,55000,9900.0,45100.0
1477,3,9,1,39000,30000.0,9000.0
1478,17,49,1,55000,6600.0,48400.0
1479,8,23,1,49000,30000.0,19000.0
1480,4,10,1,29000,3480.0,25520.0
1481,9,25,1,75000,9000.0,66000.0
1482,18,52,1,55000,6600.0,48400.0
1482,5,13,1,45000,5400.0,39600.0
1482,10,28,1,75000,9000.0,66000.0
1482,16,45,1,45000,5400.0,39600.0
1483,14,40,2,130000,30000.0,100000.0
1483,16,46,1,55000,30000.0,25000.0
1483,18,51,1,45000,30000.0,15000.0
1483,17,48,1,45000,30000.0,15000.0
1483,20,55,1,45000,30000.0,15000.0
1483,8,23,1,49000,30000.0,19000.0
1483,10,28,2,150000,30000.0,120000.0
1483,26,61,1,100000,30000.0,70000.0
1483,9,25,1,75000,30000.0,45000.0
1483,17,50,1,69000,30000.0,39000.0
1483,2,5,1,34000,30000.0,4000.0
1483,18,53,1,69000,30000.0,39000.0
1483,1,1,1,29000,30000.0,-1000.0
1483,10,29,1,79000,30000.0,49000.0
1484,4,12,1,45000,3600.0,41400.0
1485,15,44,1,69000,30000.0,39000.0
1485,5,15,1,55000,30000.0,25000.0
1486,5,13,1,45000,0.0,45000.0
1486,23,58,1,55000,0.0,55000.0
1486,12,33,1,55000,0.0,55000.0
1487,29,64,1,150000,0.0,150000.0
1487,15,44,1,69000,0.0,69000.0
1488,2,4,1,29000,3480.0,25520.0
1488,5,14,1,49000,5880.0,43120.0
1489,10,28,1,75000,6000.0,69000.0
1489,2,6,1,39000,3120.0,35880.0
1489,19,54,1,45000,3600.0,41400.0
1489,26,61,1,100000,8000.0,92000.0
1489,10,27,1,65000,5200.0,59800.0
1489,4,10,1,29000,2320.0,26680.0
1490,21,56,1,45000,30000.0,15000.0
1490,5,15,1,55000,30000.0,25000.0
1491,4,10,1,29000,0.0,29000.0
1491,12,33,1,55000,0.0,55000.0
1491,15,43,1,65000,0.0,65000.0
1491,15,42,1,55000,0.0,55000.0
1491,12,35,1,69000,0.0,69000.0
1491,12,34,1,65000,0.0,65000.0
1491,28,63,2,240000,0.0,240000.0
1491,8,23,2,98000,0.0,98000.0
1491,1,3,1,45000,0.0,45000.0
1491,3,8,1,34000,0.0,34000.0
1491,6,16,3,135000,0.0,135000.0
1491,25,60,1,35000,0.0,35000.0
1491,13,36,1,55000,0.0,55000.0
1491,5,13,1,45000,0.0,45000.0
1492,1,1,1,29000,10000.0,19000.0
1492,9,26,1,79000,10000.0,69000.0
1493,7,21,1,55000,4400.0,50600.0
1493,4,12,2,90000,7200.0,82800.0
1493,22,57,1,55000,4400.0,50600.0
1493,5,13,1,45000,3600.0,41400.0
1493,1,1,1,29000,2320.0,26680.0
1494,4,10,1,29000,5220.0,23780.0
1495,5,14,1,49000,8820.0,40180.0
1496,3,8,1,34000,10000.0,24000.0
1496,8,23,1,49000,10000.0,39000.0
1496,30,65,1,200000,10000.0,190000.0
1496,27,62,1,110000,10000.0,100000.0
1497,12,33,1,55000,30000.0,25000.0
1498,5,13,1,45000,8100.0,36900.0
1499,6,16,1,45000,8100.0,36900.0
1499,14,40,1,65000,11700.0,53300.0
1500,5,15,1,55000,6600.0,48400.0
1501,8,23,1,49000,3920.0,45080.0
1501,23,58,1,55000,4400.0,50600.0
1501,21,56,1,45000,3600.0,41400.0
1502,27,62,1,110000,0.0,110000.0
1502,2,4,1,29000,0.0,29000.0
1503,14,39,1,55000,30000.0,25000.0
1503,21,56,1,45000,30000.0,15000.0
1503,10,27,1,65000,30000.0,35000.0
1503,6,18,1,55000,30000.0,25000.0
1503,24,59,1,55000,30000.0,25000.0
1504,20,55,1,45000,30000.0,15000.0
1504,10,29,1,79000,30000.0,49000.0
1505,18,51,1,45000,0.0,45000.0
1505,5,15,1,55000,0.0,55000.0
1506,7,20,1,49000,10000.0,39000.0
1506,16,45,1,45000,10000.0,35000.0
1507,2,6,2,78000,0.0,78000.0
1507,17,50,1,69000,0.0,69000.0
1507,1,3,1,45000,0.0,45000.0
1507,13,38,1,69000,0.0,69000.0
1507,28,63,1,120000,0.0,120000.0
1507,19,54,1,45000,0.0,45000.0
1507,17,49,1,55000,0.0,55000.0
1507,5,13,1,45000,0.0,45000.0
1507,18,51,1,45000,0.0,45000.0
1507,13,36,1,55000,0.0,55000.0
1507,7,19,1,45000,0.0,45000.0
1507,5,15,1,55000,0.0,55000.0
1507,25,60,1,35000,0.0,35000.0
1507,4,10,1,29000,0.0,29000.0
1507,3,9,1,39000,0.0,39000.0
1508,10,29,1,79000,6320.0,72680.0
1508,21,56,1,45000,3600.0,41400.0
1508,8,22,1,45000,3600.0,41400.0
1508,12,34,1,65000,5200.0,59800.0
1508,7,20,1,49000,3920.0,45080.0
1508,19,54,1,45000,3600.0,41400.0
1509,18,52,1,55000,30000.0,25000.0
1509,7,20,1,49000,30000.0,19000.0
1509,2,6,1,39000,30000.0,9000.0
1510,14,39,1,55000,9900.0,45100.0
1510,3,7,1,29000,5220.0,23780.0
1510,1,3,1,45000,8100.0,36900.0
1510,7,19,1,45000,8100.0,36900.0
1510,6,17,1,49000,8820.0,40180.0
1511,9,24,1,65000,6500.0,58500.0
1511,12,35,1,69000,6900.0,62100.0
1512,7,20,1,49000,5880.0,43120.0
1513,3,8,1,34000,6120.0,27880.0
1514,15,43,1,65000,0.0,65000.0
1515,11,32,1,85000,10000.0,75000.0
1516,18,53,1,69000,5520.0,63480.0
1516,13,38,1,69000,5520.0,63480.0
1516,13,37,1,65000,5200.0,59800.0
1516,10,28,1,75000,6000.0,69000.0
1516,30,65,1,200000,16000.0,184000.0
1516,1,1,1,29000,2320.0,26680.0
1517,18,52,1,55000,30000.0,25000.0
1517,4,11,1,39000,30000.0,9000.0
1517,16,46,1,55000,30000.0,25000.0
1517,7,19,1,45000,30000.0,15000.0
1517,1,3,1,45000,30000.0,15000.0
1517,6,16,1,45000,30000.0,15000.0
1517,12,33,1,55000,30000.0,25000.0
1517,23,58,2,110000,30000.0,80000.0
1517,6,17,1,49000,30000.0,19000.0
1517,3,9,2,78000,30000.0,48000.0
1517,27,62,1,110000,30000.0,80000.0
1517,14,41,1,69000,30000.0,39000.0
1517,14,40,2,130000,30000.0,100000.0
1517,7,21,1,55000,30000.0,25000.0
1517,28,63,1,120000,30000.0,90000.0
1517,2,5,1,34000,30000.0,4000.0
1518,27,62,1,110000,13200.0,96800.0
1518,30,65,1,200000,24000.0,176000.0
1519,1,3,1,45000,0.0,45000.0
1520,17,49,1,55000,6600.0,48400.0
1520,7,19,1,45000,5400.0,39600.0
1521,17,50,1,69000,30000.0,39000.0
1521,12,33,1,55000,30000.0,25000.0
1522,15,44,1,69000,30000.0,39000.0
1523,21,56,1,45000,5400.0,39600.0
1524,12,35,1,69000,12420.0,56580.0
1524,4,11,1,39000,7020.0,31980.0
1525,2,6,1,39000,0.0,39000.0
1526,1,2,1,39000,4680.0,34320.0
1526,27,62,1,110000,13200.0,96800.0
1527,11,30,1,69000,5520.0,63480.0
1528,3,7,1,29000,10000.0,19000.0
1528,14,40,1,65000,10000.0,55000.0
1529,16,46,1,55000,9900.0,45100.0
1529,17,50,1,69000,12420.0,56580.0
1530,7,20,1,49000,10000.0,39000.0
1530,16,46,1,55000,10000.0,45000.0
1531,13,37,1,65000,0.0,65000.0
1531,15,44,1,69000,0.0,69000.0
1532,29,64,1,150000,18000.0,132000.0
1532,18,51,1,45000,5400.0,39600.0
1532,16,46,1,55000,6600.0,48400.0
1532,1,1,1,29000,3480.0,25520.0
1532,5,14,1,49000,5880.0,43120.0
1533,13,38,1,69000,8280.0,60720.0
1533,21,56,1,45000,5400.0,39600.0
1533,15,42,1,55000,6600.0,48400.0
1534,4,12,1,45000,30000.0,15000.0
1534,16,46,1,55000,30000.0,25000.0
1535,4,12,1,45000,30000.0,15000.0
1536,2,6,1,39000,10000.0,29000.0
1536,10,29,1,79000,10000.0,69000.0
1536,16,47,1,69000,10000.0,59000.0
1536,3,9,1,39000,10000.0,29000.0
1536,4,11,1,39000,10000.0,29000.0
1536,6,16,1,45000,10000.0,35000.0
1537,1,3,1,45000,30000.0,15000.0
1538,12,33,1,55000,30000.0,25000.0
1538,28,63,1,120000,30000.0,90000.0
1538,13,36,1,55000,30000.0,25000.0
1538,5,15,1,55000,30000.0,25000.0
1539,13,38,1,69000,5520.0,63480.0
1539,22,57,1,55000,4400.0,50600.0
1539,2,5,1,34000,2720.0,31280.0
1539,15,43,1,65000,5200.0,59800.0
1539,12,33,1,55000,4400.0,50600.0
1540,16,45,1,45000,5400.0,39600.0
1540,15,43,1,65000,7800.0,57200.0
1541,1,1,1,29000,5220.0,23780.0
1541,14,39,1,55000,9900.0,45100.0
1541,5,15,1,55000,9900.0,45100.0
1541,22,57,1,55000,9900.0,45100.0
1541,16,46,1,55000,9900.0,45100.0
1541,17,50,1,69000,12420.0,56580.0
1541,2,6,1,39000,7020.0,31980.0
1541,9,24,1,65000,11700.0,53300.0
1541,17,49,1,55000,9900.0,45100.0
1541,15,42,1,55000,9900.0,45100.0
1541,16,47,1,69000,12420.0,56580.0
1542,6,17,1,49000,30000.0,19000.0
1542,12,35,1,69000,30000.0,39000.0
1543,12,35,1,69000,0.0,69000.0
1543,4,11,1,39000,0.0,39000.0
1544,15,42,1,55000,5500.0,49500.0
1544,4,10,1,29000,2900.0,26100.0
1544,19,54,1,45000,4500.0,40500.0
1544,4,11,1,39000,3900.0,35100.0
1544,23,58,1,55000,5500.0,49500.0
1544,12,35,1,69000,6900.0,62100.0
1545,18,53,1,69000,10000.0,59000.0
1546,12,35,2,138000,0.0,138000.0
1547,11,31,2,158000,15800.0,142200.0
1547,22,57,1,55000,5500.0,49500.0
1547,15,42,1,55000,5500.0,49500.0
1548,3,7,1,29000,3480.0,25520.0
1548,10,27,1,65000,7800.0,57200.0
1548,11,31,1,79000,9480.0,69520.0
1548,24,59,1,55000,6600.0,48400.0
1548,18,51,1,45000,5400.0,39600.0
1549,18,52,1,55000,9900.0,45100.0
1549,9,26,1,79000,14220.0,64780.0
1549,4,10,1,29000,5220.0,23780.0
1549,9,24,1,65000,11700.0,53300.0
1550,5,14,1,49000,0.0,49000.0
1551,24,59,2,110000,10000.0,100000.0
1551,13,36,1,55000,10000.0,45000.0
1551,9,24,1,65000,10000.0,55000.0
1551,19,54,1,45000,10000.0,35000.0
1552,17,49,1,55000,9900.0,45100.0
1553,27,62,1,110000,8800.0,101200.0
1554,5,14,1,49000,3920.0,45080.0
1554,30,65,1,200000,16000.0,184000.0
1554,4,12,1,45000,3600.0,41400.0
1554,16,47,1,69000,5520.0,63480.0
1554,17,49,1,55000,4400.0,50600.0
1554,29,64,1,150000,12000.0,138000.0
1554,14,41,1,69000,5520.0,63480.0
1554,19,54,1,45000,3600.0,41400.0
1554,16,46,1,55000,4400.0,50600.0
1554,28,63,1,120000,9600.0,110400.0
1554,17,50,1,69000,5520.0,63480.0
1554,21,56,1,45000,3600.0,41400.0
1554,6,16,1,45000,3600.0,41400.0
1555,26,61,1,100000,18000.0,82000.0
1556,4,10,1,29000,0.0,29000.0
1557,7,19,1,45000,0.0,45000.0
1557,2,6,1,39000,0.0,39000.0
1558,1,3,1,45000,8100.0,36900.0
1558,13,37,1,65000,11700.0,53300.0
1558,5,14,1,49000,8820.0,40180.0
1558,13,38,1,69000,12420.0,56580.0
1559,2,6,2,78000,0.0,78000.0
1559,11,32,1,85000,0.0,85000.0
1559,12,34,1,65000,0.0,65000.0
1560,18,52,1,55000,30000.0,25000.0
1560,21,56,1,45000,30000.0,15000.0
1561,4,10,1,29000,10000.0,19000.0
1561,1,2,1,39000,10000.0,29000.0
1562,21,56,1,45000,8100.0,36900.0
1563,21,56,1,45000,30000.0,15000.0
1564,15,43,1,65000,0.0,65000.0
1564,4,10,1,29000,0.0,29000.0
1565,4,10,1,29000,0.0,29000.0
1566,17,48,1,45000,3600.0,41400.0
1567,11,32,1,85000,6800.0,78200.0
1568,4,12,1,45000,3600.0,41400.0
1568,6,16,1,45000,3600.0,41400.0
1569,1,3,1,45000,3600.0,41400.0
1570,15,43,1,65000,30000.0,35000.0
1570,12,35,1,69000,30000.0,39000.0
1571,4,11,1,39000,30000.0,9000.0
1571,8,22,1,45000,30000.0,15000.0
1572,13,38,1,69000,12420.0,56580.0
1573,28,63,1,120000,10000.0,110000.0
1574,20,55,1,45000,10000.0,35000.0
1574,11,31,1,79000,10000.0,69000.0
1575,18,53,1,69000,30000.0,39000.0
1576,11,32,1,85000,10000.0,75000.0
1576,17,49,1,55000,10000.0,45000.0
1577,8,23,1,49000,0.0,49000.0
1578,24,59,1,55000,0.0,55000.0
1578,16,45,1,45000,0.0,45000.0
1578,1,3,1,45000,0.0,45000.0
1578,12,34,1,65000,0.0,65000.0
1578,5,13,1,45000,0.0,45000.0
1578,25,60,1,35000,0.0,35000.0
1578,22,57,3,165000,0.0,165000.0
1579,18,52,1,55000,10000.0,45000.0
1579,4,11,1,39000,10000.0,29000.0
1580,30,65,1,200000,30000.0,170000.0
1580,1,2,1,39000,30000.0,9000.0
1580,2,5,1,34000,30000.0,4000.0
1581,3,8,1,34000,6120.0,27880.0
1581,2,5,1,34000,6120.0,27880.0
1582,15,44,1,69000,10000.0,59000.0
1583,5,15,1,55000,9900.0,45100.0
1583,7,21,1,55000,9900.0,45100.0
1583,17,50,1,69000,12420.0,56580.0
1583,18,53,1,69000,12420.0,56580.0
1583,12,34,1,65000,11700.0,53300.0
1583,2,4,1,29000,5220.0,23780.0
1584,9,26,1,79000,30000.0,49000.0
1585,3,8,1,34000,0.0,34000.0
1585,30,65,1,200000,0.0,200000.0
1586,7,20,1,49000,3920.0,45080.0
1586,4,11,1,39000,3120.0,35880.0
1587,10,27,1,65000,7800.0,57200.0
1587,7,20,1,49000,5880.0,43120.0
1587,30,65,2,400000,48000.0,352000.0
1587,2,6,1,39000,4680.0,34320.0
1587,16,46,1,55000,6600.0,48400.0
1587,16,47,1,69000,8280.0,60720.0
1588,2,5,1,34000,2720.0,31280.0
1588,18,53,1,69000,5520.0,63480.0
1589,1,2,1,39000,4680.0,34320.0
1590,18,52,1,55000,30000.0,25000.0
1590,1,2,1,39000,30000.0,9000.0
1591,15,43,1,65000,5200.0,59800.0
1591,19,54,1,45000,3600.0,41400.0
1592,18,53,1,69000,8280.0,60720.0
1593,20,55,1,45000,30000.0,15000.0
1594,17,49,1,55000,30000.0,25000.0
1594,22,57,1,55000,30000.0,25000.0
1595,18,52,1,55000,6600.0,48400.0
1595,8,22,1,45000,5400.0,39600.0
1595,11,31,1,79000,9480.0,69520.0
1595,17,50,1,69000,8280.0,60720.0
1595,1,3,1,45000,5400.0,39600.0
1596,10,27,1,65000,30000.0,35000.0
1597,19,54,1,45000,10000.0,35000.0
1597,17,50,1,69000,10000.0,59000.0
1597,16,46,1,55000,10000.0,45000.0
1597,14,41,1,69000,10000.0,59000.0
1597,15,43,1,65000,10000.0,55000.0
1597,5,15,1,55000,10000.0,45000.0
1597,18,51,1,45000,10000.0,35000.0
1597,22,57,1,55000,10000.0,45000.0
1597,14,39,1,55000,10000.0,45000.0
1598,18,52,1,55000,4400.0,50600.0
1598,11,30,1,69000,5520.0,63480.0
1599,17,49,1,55000,9900.0,45100.0
1600,5,15,1,55000,6600.0,48400.0
1601,3,9,1,39000,0.0,39000.0
1601,7,19,1,45000,0.0,45000.0
1602,3,9,1,39000,30000.0,9000.0
1602,25,60,1,35000,30000.0,5000.0
1603,16,47,1,69000,30000.0,39000.0
1603,20,55,1,45000,30000.0,15000.0
1604,15,42,1,55000,4400.0,50600.0
1604,3,8,1,34000,2720.0,31280.0
1605,1,1,1,29000,5220.0,23780.0
1605,12,34,1,65000,11700.0,53300.0
1605,14,40,1,65000,11700.0,53300.0
1605,7,20,1,49000,8820.0,40180.0
1605,27,62,1,110000,19800.0,90200.0
1606,13,38,1,69000,5520.0,63480.0
1606,24,59,1,55000,4400.0,50600.0
1607,4,10,1,29000,10000.0,19000.0
1607,5,15,1,55000,10000.0,45000.0
1607,11,30,1,69000,10000.0,59000.0
1607,18,51,1,45000,10000.0,35000.0
1607,1,1,1,29000,10000.0,19000.0
1608,6,18,1,55000,4400.0,50600.0
1608,1,2,1,39000,3120.0,35880.0
1609,25,60,1,35000,30000.0,5000.0
1609,4,12,1,45000,30000.0,15000.0
1610,24,59,1,55000,9900.0,45100.0
1610,11,31,1,79000,14220.0,64780.0
1611,6,18,1,55000,4400.0,50600.0
1611,24,59,1,55000,4400.0,50600.0
1612,27,62,1,110000,10000.0,100000.0
1612,5,15,1,55000,10000.0,45000.0
1613,29,64,1,150000,10000.0,140000.0
1614,11,31,1,79000,9480.0,69520.0
1614,14,39,1,55000,6600.0,48400.0
1615,13,37,1,65000,7800.0,57200.0
1615,25,60,1,35000,4200.0,30800.0
1615,18,52,1,55000,6600.0,48400.0
1615,15,43,1,65000,7800.0,57200.0
1615,2,4,1,29000,3480.0,25520.0
1615,7,21,1,55000,6600.0,48400.0
1615,14,40,1,65000,7800.0,57200.0
1615,6,18,1,55000,6600.0,48400.0
1615,17,50,1,69000,8280.0,60720.0
1616,17,49,1,55000,9900.0,45100.0
1616,4,10,1,29000,5220.0,23780.0
1617,4,11,1,39000,4680.0,34320.0
1617,18,53,1,69000,8280.0,60720.0
1617,21,56,1,45000,5400.0,39600.0
1617,3,9,1,39000,4680.0,34320.0
1618,4,11,1,39000,10000.0,29000.0
1618,12,34,1,65000,10000.0,55000.0
1619,16,47,1,69000,8280.0,60720.0
1619,12,33,1,55000,6600.0,48400.0
1619,18,53,1,69000,8280.0,60720.0
1620,16,45,1,45000,3600.0,41400.0
1621,11,30,1,69000,0.0,69000.0
1621,17,50,1,69000,0.0,69000.0
1622,5,15,1,55000,6600.0,48400.0
1623,29,64,1,150000,10000.0,140000.0
1624,2,6,1,39000,4680.0,34320.0
1624,4,12,1,45000,5400.0,39600.0
1625,17,48,1,45000,5400.0,39600.0
1626,29,64,1,150000,12000.0,138000.0
1626,8,22,1,45000,3600.0,41400.0
1627,6,18,1,55000,9900.0,45100.0
1628,18,51,1,45000,0.0,45000.0
1628,10,29,1,79000,0.0,79000.0
1629,7,20,1,49000,3920.0,45080.0
1629,26,61,1,100000,8000.0,92000.0
1629,4,11,1,39000,3120.0,35880.0
1630,18,52,1,55000,30000.0,25000.0
1630,26,61,1,100000,30000.0,70000.0
1631,4,11,1,39000,30000.0,9000.0
1632,17,49,1,55000,30000.0,25000.0
1633,16,45,1,45000,10000.0,35000.0
1634,3,7,1,29000,30000.0,-1000.0
1634,18,52,1,55000,30000.0,25000.0
1635,12,34,1,65000,11700.0,53300.0
1635,11,30,1,69000,12420.0,56580.0
1636,1,1,1,29000,30000.0,-1000.0
1636,13,38,1,69000,30000.0,39000.0
1636,9,26,1,79000,30000.0,49000.0
1636,2,4,1,29000,30000.0,-1000.0
1636,5,14,1,49000,30000.0,19000.0
1637,12,34,1,65000,30000.0,35000.0
1637,12,35,1,69000,30000.0,39000.0
1638,18,52,1,55000,9900.0,45100.0
1639,6,17,1,49000,0.0,49000.0
1639,23,58,1,55000,0.0,55000.0
1640,23,58,1,55000,30000.0,25000.0
1640,14,40,1,65000,30000.0,35000.0
1641,28,63,1,120000,30000.0,90000.0
1641,29,64,1,150000,30000.0,120000.0
1641,12,33,1,55000,30000.0,25000.0
1641,3,7,1,29000,30000.0,-1000.0
1641,17,48,1,45000,30000.0,15000.0
1641,30,65,1,200000,30000.0,170000.0
1641,7,20,1,49000,30000.0,19000.0
1642,6,18,1,55000,30000.0,25000.0
1642,16,45,2,90000,30000.0,60000.0
1642,5,15,1,55000,30000.0,25000.0
1642,9,26,1,79000,30000.0,49000.0
1643,9,24,1,65000,10000.0,55000.0
1643,14,39,1,55000,10000.0,45000.0
1644,14,41,1,69000,30000.0,39000.0
1645,6,17,1,49000,30000.0,19000.0
1646,29,64,1,150000,27000.0,123000.0
1646,21,56,1,45000,8100.0,36900.0
1647,3,8,1,34000,6120.0,27880.0
1648,27,62,1,110000,8800.0,101200.0
1648,18,53,1,69000,5520.0,63480.0
1649,22,57,1,55000,4400.0,50600.0
1650,13,36,1,55000,10000.0,45000.0
1651,4,10,1,29000,30000.0,-1000.0
1651,17,48,1,45000,30000.0,15000.0
1652,12,33,1,55000,6600.0,48400.0
1652,2,4,1,29000,3480.0,25520.0
1653,18,52,1,55000,30000.0,25000.0
1654,17,49,1,55000,6600.0,48400.0
1655,1,3,1,45000,3600.0,41400.0
1656,23,58,1,55000,30000.0,25000.0
1656,16,47,1,69000,30000.0,39000.0
1657,16,45,1,45000,5400.0,39600.0
1658,17,50,1,69000,0.0,69000.0
1659,6,18,1,55000,30000.0,25000.0
1660,9,24,1,65000,11700.0,53300.0
1660,7,20,1,49000,8820.0,40180.0
1661,22,57,1,55000,10000.0,45000.0
1662,2,4,1,29000,10000.0,19000.0
1662,15,42,1,55000,10000.0,45000.0
1662,4,10,1,29000,10000.0,19000.0
1662,20,55,1,45000,10000.0,35000.0
1662,25,60,1,35000,10000.0,25000.0
1663,29,64,1,150000,10000.0,140000.0
1663,5,15,1,55000,10000.0,45000.0
1663,4,11,1,39000,10000.0,29000.0
1663,18,51,1,45000,10000.0,35000.0
1664,1,2,1,39000,10000.0,29000.0
1664,7,20,1,49000,10000.0,39000.0
1665,24,59,1,55000,10000.0,45000.0
1666,27,62,1,110000,0.0,110000.0
1667,10,27,1,65000,7800.0,57200.0
1668,1,3,1,45000,0.0,45000.0
1668,11,31,1,79000,0.0,79000.0
1668,3,9,1,39000,0.0,39000.0
1668,7,20,1,49000,0.0,49000.0
1669,24,59,1,55000,6600.0,48400.0
1669,9,24,1,65000,7800.0,57200.0
1670,11,32,1,85000,6800.0,78200.0
1670,10,29,1,79000,6320.0,72680.0
1671,10,28,1,75000,6000.0,69000.0
1672,3,9,1,39000,30000.0,9000.0
1672,13,38,1,69000,30000.0,39000.0
1673,16,47,1,69000,0.0,69000.0
1673,27,62,1,110000,0.0,110000.0
1673,11,32,1,85000,0.0,85000.0
1673,1,1,1,29000,0.0,29000.0
1673,2,4,1,29000,0.0,29000.0
1673,17,50,1,69000,0.0,69000.0
1674,17,49,1,55000,30000.0,25000.0
1675,5,14,1,49000,30000.0,19000.0
1675,2,4,1,29000,30000.0,-1000.0
1676,30,65,1,200000,36000.0,164000.0
1676,10,27,1,65000,11700.0,53300.0
1676,27,62,1,110000,19800.0,90200.0
1676,1,3,1,45000,8100.0,36900.0
1676,9,24,1,65000,11700.0,53300.0
1676,9,25,1,75000,13500.0,61500.0
1677,5,15,1,55000,4400.0,50600.0
1678,5,14,1,49000,0.0,49000.0
1678,9,26,1,79000,0.0,79000.0
1678,6,17,1,49000,0.0,49000.0
1678,15,43,1,65000,0.0,65000.0
1679,1,3,1,45000,3600.0,41400.0
1679,14,40,1,65000,5200.0,59800.0
1680,4,12,1,45000,5400.0,39600.0
1680,5,13,1,45000,5400.0,39600.0
1681,26,61,1,100000,12000.0,88000.0
1681,6,16,1,45000,5400.0,39600.0
1682,11,32,1,85000,15300.0,69700.0
1683,10,28,1,75000,13500.0,61500.0
1683,5,15,2,110000,19800.0,90200.0
1683,3,9,1,39000,7020.0,31980.0
1683,3,8,1,34000,6120.0,27880.0
1683,26,61,1,100000,18000.0,82000.0
1683,21,56,1,45000,8100.0,36900.0
1683,8,23,1,49000,8820.0,40180.0
1683,2,6,1,39000,7020.0,31980.0
1683,13,37,1,65000,11700.0,53300.0
1683,6,16,1,45000,8100.0,36900.0
1683,4,11,1,39000,7020.0,31980.0
1683,12,35,1,69000,12420.0,56580.0
1683,24,59,1,55000,9900.0,45100.0
1683,17,50,1,69000,12420.0,56580.0
1684,1,1,1,29000,2320.0,26680.0
1684,11,30,1,69000,5520.0,63480.0
1685,14,41,1,69000,10000.0,59000.0
1685,7,19,1,45000,10000.0,35000.0
1686,1,2,1,39000,0.0,39000.0
1686,23,58,1,55000,0.0,55000.0
1686,18,53,1,69000,0.0,69000.0
1686,6,17,1,49000,0.0,49000.0
1686,9,24,1,65000,0.0,65000.0
1687,16,46,1,55000,6600.0,48400.0
1687,13,36,1,55000,6600.0,48400.0
1688,18,51,1,45000,5400.0,39600.0
1688,9,25,1,75000,9000.0,66000.0
1688,15,43,1,65000,7800.0,57200.0
1688,3,7,2,58000,6960.0,51040.0
1688,12,33,1,55000,6600.0,48400.0
1688,10,27,1,65000,7800.0,57200.0
1688,12,34,1,65000,7800.0,57200.0
1688,13,38,1,69000,8280.0,60720.0
1688,7,19,1,45000,5400.0,39600.0
1688,24,59,1,55000,6600.0,48400.0
1688,3,8,2,68000,8160.0,59840.0
1688,13,37,1,65000,7800.0,57200.0
1688,25,60,1,35000,4200.0,30800.0
1688,8,23,1,49000,5880.0,43120.0
1688,1,3,1,45000,5400.0,39600.0
1688,1,1,1,29000,3480.0,25520.0
1688,22,57,1,55000,6600.0,48400.0
1688,28,63,1,120000,14400.0,105600.0
1689,9,26,1,79000,30000.0,49000.0
1690,13,38,1,69000,12420.0,56580.0
1691,10,28,1,75000,13500.0,61500.0
1691,12,33,1,55000,9900.0,45100.0
1691,6,16,1,45000,8100.0,36900.0
1692,7,20,1,49000,4900.0,44100.0
1692,27,62,1,110000,11000.0,99000.0
1692,28,63,1,120000,12000.0,108000.0
1693,9,25,1,75000,0.0,75000.0
1693,12,33,1,55000,0.0,55000.0
1694,9,26,1,79000,30000.0,49000.0
1695,3,8,1,34000,2720.0,31280.0
1695,14,39,1,55000,4400.0,50600.0
1696,7,21,1,55000,4400.0,50600.0
1697,2,4,1,29000,10000.0,19000.0
1698,16,45,1,45000,30000.0,15000.0
1698,15,43,1,65000,30000.0,35000.0
1699,3,7,1,29000,30000.0,-1000.0
1699,1,3,1,45000,30000.0,15000.0
1699,26,61,1,100000,30000.0,70000.0
1700,6,18,1,55000,30000.0,25000.0
1701,7,19,1,45000,10000.0,35000.0
1702,10,27,1,65000,30000.0,35000.0
1702,18,52,1,55000,30000.0,25000.0
1702,3,9,1,39000,30000.0,9000.0
1702,18,53,1,69000,30000.0,39000.0
1702,17,49,1,55000,30000.0,25000.0
1703,11,32,1,85000,0.0,85000.0
1704,5,13,1,45000,10000.0,35000.0
1705,28,63,1,120000,0.0,120000.0
1706,7,20,1,49000,10000.0,39000.0
1706,10,28,1,75000,10000.0,65000.0
1707,17,49,1,55000,30000.0,25000.0
1707,13,38,1,69000,30000.0,39000.0
1708,10,27,1,65000,10000.0,55000.0
1708,14,40,1,65000,10000.0,55000.0
1709,14,41,1,69000,30000.0,39000.0
1710,10,27,1,65000,10000.0,55000.0
1710,4,10,1,29000,10000.0,19000.0
1711,16,45,1,45000,8100.0,36900.0
1711,1,2,1,39000,7020.0,31980.0
1712,3,9,1,39000,30000.0,9000.0
1712,11,30,1,69000,30000.0,39000.0
1712,21,56,1,45000,30000.0,15000.0
1712,16,47,1,69000,30000.0,39000.0
1712,23,58,1,55000,30000.0,25000.0
1713,12,34,1,65000,30000.0,35000.0
1714,26,61,1,100000,12000.0,88000.0
1714,25,60,1,35000,4200.0,30800.0
1714,13,38,1,69000,8280.0,60720.0
1714,1,3,1,45000,5400.0,39600.0
1714,10,27,1,65000,7800.0,57200.0
1715,3,8,1,34000,2720.0,31280.0
1715,17,48,1,45000,3600.0,41400.0
1715,20,55,1,45000,3600.0,41400.0
1715,12,35,1,69000,5520.0,63480.0
1715,3,9,1,39000,3120.0,35880.0
1716,2,5,1,34000,30000.0,4000.0
1716,27,62,1,110000,30000.0,80000.0
1717,5,13,1,45000,0.0,45000.0
1717,18,53,1,69000,0.0,69000.0
1718,19,54,1,45000,0.0,45000.0
1718,13,36,1,55000,0.0,55000.0
1719,10,29,1,79000,14220.0,64780.0
1719,9,26,2,158000,28440.0,129560.0
1719,6,16,1,45000,8100.0,36900.0
1719,11,31,1,79000,14220.0,64780.0
1719,11,30,1,69000,12420.0,56580.0
1720,3,8,1,34000,30000.0,4000.0
1720,29,64,1,150000,30000.0,120000.0
1721,15,44,1,69000,6900.0,62100.0
1721,3,8,1,34000,3400.0,30600.0
1722,2,5,1,34000,2720.0,31280.0
1722,10,27,1,65000,5200.0,59800.0
1722,3,7,1,29000,2320.0,26680.0
1722,25,60,2,70000,5600.0,64400.0
1722,2,6,1,39000,3120.0,35880.0
1723,10,29,1,79000,0.0,79000.0
1724,9,24,1,65000,10000.0,55000.0
1724,21,56,1,45000,10000.0,35000.0
1724,13,37,1,65000,10000.0,55000.0
1725,25,60,1,35000,0.0,35000.0
1726,20,55,1,45000,8100.0,36900.0
1726,6,16,1,45000,8100.0,36900.0
1726,23,58,1,55000,9900.0,45100.0
1726,1,3,1,45000,8100.0,36900.0
1726,8,23,1,49000,8820.0,40180.0
1726,24,59,1,55000,9900.0,45100.0
1726,15,44,1,69000,12420.0,56580.0
1727,3,7,1,29000,2320.0,26680.0
1727,25,60,2,70000,5600.0,64400.0
1727,8,23,1,49000,3920.0,45080.0
1727,16,46,1,55000,4400.0,50600.0
1727,4,12,1,45000,3600.0,41400.0
1728,13,38,1,69000,0.0,69000.0
1729,7,20,1,49000,5880.0,43120.0
1729,4,10,1,29000,3480.0,25520.0
1729,15,43,1,65000,7800.0,57200.0
1729,9,26,1,79000,9480.0,69520.0
1729,8,23,1,49000,5880.0,43120.0
1730,16,47,1,69000,8280.0,60720.0
1731,5,14,2,98000,17640.0,80360.0
1731,18,52,1,55000,9900.0,45100.0
1731,4,12,1,45000,8100.0,36900.0
1732,13,38,1,69000,30000.0,39000.0
1733,5,13,1,45000,0.0,45000.0
1734,7,20,1,49000,0.0,49000.0
1734,5,15,1,55000,0.0,55000.0
1734,2,6,2,78000,0.0,78000.0
1734,17,50,1,69000,0.0,69000.0
1734,14,41,1,69000,0.0,69000.0
1735,23,58,1,55000,30000.0,25000.0
1735,2,5,1,34000,30000.0,4000.0
1736,21,56,1,45000,0.0,45000.0
1736,14,39,1,55000,0.0,55000.0
1736,12,34,1,65000,0.0,65000.0
1736,7,19,2,90000,0.0,90000.0
1737,1,2,1,39000,0.0,39000.0
1738,4,11,1,39000,7020.0,31980.0
1738,21,56,1,45000,8100.0,36900.0
1738,10,28,1,75000,13500.0,61500.0
1738,16,45,1,45000,8100.0,36900.0
1738,4,10,1,29000,5220.0,23780.0
1738,3,9,1,39000,7020.0,31980.0
1739,25,60,1,35000,3500.0,31500.0
1739,6,18,1,55000,5500.0,49500.0
1740,11,31,1,79000,30000.0,49000.0
1741,12,34,1,65000,5200.0,59800.0
1741,16,45,1,45000,3600.0,41400.0
1741,29,64,1,150000,12000.0,138000.0
1741,23,58,1,55000,4400.0,50600.0
1741,17,48,1,45000,3600.0,41400.0
1742,8,22,1,45000,8100.0,36900.0
1742,19,54,1,45000,8100.0,36900.0
1743,4,12,1,45000,3600.0,41400.0
1743,6,18,1,55000,4400.0,50600.0
1743,5,15,1,55000,4400.0,50600.0
1743,7,20,1,49000,3920.0,45080.0
1744,5,13,1,45000,3600.0,41400.0
1744,7,20,1,49000,3920.0,45080.0
1744,22,57,1,55000,4400.0,50600.0
1744,3,7,1,29000,2320.0,26680.0
1744,27,62,1,110000,8800.0,101200.0
1744,14,40,1,65000,5200.0,59800.0
1744,14,39,1,55000,4400.0,50600.0
1744,7,19,1,45000,3600.0,41400.0
1744,6,17,1,49000,3920.0,45080.0
1744,24,59,1,55000,4400.0,50600.0
1744,15,44,1,69000,5520.0,63480.0
1744,12,35,1,69000,5520.0,63480.0
1744,1,1,1,29000,2320.0,26680.0
1744,7,21,1,55000,4400.0,50600.0
1744,6,18,1,55000,4400.0,50600.0
1745,24,59,1,55000,30000.0,25000.0
1745,5,13,1,45000,30000.0,15000.0
1745,6,17,1,49000,30000.0,19000.0
1745,2,5,1,34000,30000.0,4000.0
1745,5,14,1,49000,30000.0,19000.0
1745,5,15,1,55000,30000.0,25000.0
1746,10,29,1,79000,30000.0,49000.0
1746,21,56,1,45000,30000.0,15000.0
1747,17,49,1,55000,6600.0,48400.0
1748,23,58,1,55000,30000.0,25000.0
1748,18,53,1,69000,30000.0,39000.0
1749,9,24,1,65000,30000.0,35000.0
1749,14,40,1,65000,30000.0,35000.0
1749,24,59,1,55000,30000.0,25000.0
1749,14,41,1,69000,30000.0,39000.0
1749,2,6,1,39000,30000.0,9000.0
1749,23,58,1,55000,30000.0,25000.0
1750,14,39,1,55000,6600.0,48400.0
1751,11,32,1,85000,10000.0,75000.0
1751,7,21,1,55000,10000.0,45000.0
1751,2,6,1,39000,10000.0,29000.0
1752,29,64,1,150000,30000.0,120000.0
1753,12,33,1,55000,9900.0,45100.0
1753,6,16,1,45000,8100.0,36900.0
1753,18,52,1,55000,9900.0,45100.0
1753,13,37,1,65000,11700.0,53300.0
1754,5,14,1,49000,0.0,49000.0
1754,2,5,1,34000,0.0,34000.0
1755,9,24,1,65000,30000.0,35000.0
1755,7,21,1,55000,30000.0,25000.0
1756,8,22,1,45000,10000.0,35000.0
1756,11,31,1,79000,10000.0,69000.0
1756,15,42,1,55000,10000.0,45000.0
1756,12,35,1,69000,10000.0,59000.0
1756,19,54,1,45000,10000.0,35000.0
1756,8,23,1,49000,10000.0,39000.0
1757,1,3,1,45000,30000.0,15000.0
1757,18,52,1,55000,30000.0,25000.0
1757,18,53,1,69000,30000.0,39000.0
1757,4,11,1,39000,30000.0,9000.0
1758,6,16,1,45000,5400.0,39600.0
1758,5,13,1,45000,5400.0,39600.0
1758,26,61,1,100000,12000.0,88000.0
1758,2,6,1,39000,4680.0,34320.0
1758,19,54,1,45000,5400.0,39600.0
1758,22,57,1,55000,6600.0,48400.0
1758,13,38,2,138000,16560.0,121440.0
1758,3,9,1,39000,4680.0,34320.0
1758,7,21,1,55000,6600.0,48400.0
1758,4,12,1,45000,5400.0,39600.0
1758,15,43,1,65000,7800.0,57200.0
1758,1,3,1,45000,5400.0,39600.0
1759,5,15,1,55000,9900.0,45100.0
1760,14,41,1,69000,5520.0,63480.0
1761,10,28,1,75000,0.0,75000.0
1761,1,3,1,45000,0.0,45000.0
1761,26,61,1,100000,0.0,100000.0
1762,30,65,1,200000,10000.0,190000.0
1762,2,4,1,29000,10000.0,19000.0
1763,4,12,1,45000,10000.0,35000.0
1763,12,34,1,65000,10000.0,55000.0
1764,18,53,1,69000,8280.0,60720.0
1765,23,58,1,55000,10000.0,45000.0
1765,13,36,1,55000,10000.0,45000.0
1766,27,62,1,110000,30000.0,80000.0
1766,18,52,1,55000,30000.0,25000.0
1767,16,45,1,45000,5400.0,39600.0
1768,11,32,1,85000,10200.0,74800.0
1769,15,44,1,69000,30000.0,39000.0
1769,3,9,1,39000,30000.0,9000.0
1769,19,54,1,45000,30000.0,15000.0
1769,5,14,1,49000,30000.0,19000.0
1770,13,37,1,65000,0.0,65000.0
1770,4,12,1,45000,0.0,45000.0
1771,13,37,1,65000,7800.0,57200.0
1771,28,63,1,120000,14400.0,105600.0
1772,11,31,1,79000,6320.0,72680.0
1772,10,27,1,65000,5200.0,59800.0
1772,7,20,1,49000,3920.0,45080.0
1773,4,11,1,39000,3120.0,35880.0
1773,28,63,1,120000,9600.0,110400.0
1774,17,50,1,69000,30000.0,39000.0
1774,2,6,1,39000,30000.0,9000.0
1774,12,35,1,69000,30000.0,39000.0
1774,18,52,1,55000,30000.0,25000.0
1774,13,36,1,55000,30000.0,25000.0
1774,2,4,1,29000,30000.0,-1000.0
1775,23,58,1,55000,0.0,55000.0
1776,11,30,1,69000,30000.0,39000.0
1777,2,4,1,29000,2320.0,26680.0
1777,6,18,1,55000,4400.0,50600.0
1778,25,60,1,35000,30000.0,5000.0
1779,9,24,1,65000,30000.0,35000.0
1779,3,9,1,39000,30000.0,9000.0
1780,20,55,1,45000,10000.0,35000.0
1781,14,40,1,65000,11700.0,53300.0
1781,11,31,1,79000,14220.0,64780.0
1781,21,56,1,45000,8100.0,36900.0
1781,9,24,1,65000,11700.0,53300.0
1781,1,1,1,29000,5220.0,23780.0
1781,10,28,1,75000,13500.0,61500.0
1782,24,59,1,55000,9900.0,45100.0
1782,6,18,1,55000,9900.0,45100.0
1783,12,33,1,55000,9900.0,45100.0
1784,29,64,1,150000,27000.0,123000.0
1784,10,27,1,65000,11700.0,53300.0
1785,10,29,1,79000,0.0,79000.0
1785,1,1,1,29000,0.0,29000.0
1786,2,5,1,34000,0.0,34000.0
1786,18,52,1,55000,0.0,55000.0
1787,5,13,1,45000,30000.0,15000.0
1788,15,44,1,69000,10000.0,59000.0
1788,30,65,1,200000,10000.0,190000.0
1788,6,18,1,55000,10000.0,45000.0
1788,4,11,1,39000,10000.0,29000.0
1789,7,20,1,49000,3920.0,45080.0
1790,25,60,1,35000,4200.0,30800.0
1790,15,44,1,69000,8280.0,60720.0
1791,13,38,1,69000,8280.0,60720.0
1791,16,46,1,55000,6600.0,48400.0
1792,18,51,1,45000,0.0,45000.0
1792,17,49,1,55000,0.0,55000.0
1792,5,14,1,49000,0.0,49000.0
1793,2,5,1,34000,6120.0,27880.0
1793,6,16,1,45000,8100.0,36900.0
1793,6,18,1,55000,9900.0,45100.0
1793,24,59,1,55000,9900.0,45100.0
1794,4,12,1,45000,5400.0,39600.0
1795,14,41,1,69000,10000.0,59000.0
1795,12,33,1,55000,10000.0,45000.0
1796,6,17,1,49000,8820.0,40180.0
1796,7,21,1,55000,9900.0,45100.0
1796,9,25,2,150000,27000.0,123000.0
1796,9,24,1,65000,11700.0,53300.0
1796,17,49,2,110000,19800.0,90200.0
1796,15,43,1,65000,11700.0,53300.0
1796,30,65,1,200000,36000.0,164000.0
1796,16,45,2,90000,16200.0,73800.0
1796,14,40,1,65000,11700.0,53300.0
1796,20,55,1,45000,8100.0,36900.0
1796,7,20,1,49000,8820.0,40180.0
1796,11,32,1,85000,15300.0,69700.0
1796,4,12,1,45000,8100.0,36900.0
1796,4,11,1,39000,7020.0,31980.0
1796,3,7,1,29000,5220.0,23780.0
1796,2,4,1,29000,5220.0,23780.0
1796,13,36,1,55000,9900.0,45100.0
1797,7,21,1,55000,4400.0,50600.0
1798,2,5,2,68000,10000.0,58000.0
1798,1,1,1,29000,10000.0,19000.0
1798,12,35,1,69000,10000.0,59000.0
1798,17,50,1,69000,10000.0,59000.0
1799,10,29,1,79000,30000.0,49000.0
1799,9,26,1,79000,30000.0,49000.0
1799,1,2,1,39000,30000.0,9000.0
1799,19,54,1,45000,30000.0,15000.0
1799,11,30,1,69000,30000.0,39000.0
1800,13,36,1,55000,5500.0,49500.0
1800,10,29,1,79000,7900.0,71100.0
1800,14,40,1,65000,6500.0,58500.0
1800,11,30,1,69000,6900.0,62100.0
1800,9,26,1,79000,7900.0,71100.0
1800,15,44,1,69000,6900.0,62100.0
1801,17,48,1,45000,0.0,45000.0
1802,11,32,1,85000,10200.0,74800.0
1802,9,25,1,75000,9000.0,66000.0
1803,6,17,1,49000,8820.0,40180.0
1803,9,26,1,79000,14220.0,64780.0
1804,30,65,1,200000,10000.0,190000.0
1804,4,11,1,39000,10000.0,29000.0
1805,16,45,1,45000,10000.0,35000.0
1806,12,35,1,69000,0.0,69000.0
1806,3,7,1,29000,0.0,29000.0
1806,26,61,1,100000,0.0,100000.0
1806,17,49,1,55000,0.0,55000.0
1806,1,1,1,29000,0.0,29000.0
1807,8,23,1,49000,5880.0,43120.0
1808,9,26,1,79000,10000.0,69000.0
1808,10,29,1,79000,10000.0,69000.0
1808,16,47,3,207000,10000.0,197000.0
1808,13,38,2,138000,10000.0,128000.0
1808,2,5,1,34000,10000.0,24000.0
1808,2,6,1,39000,10000.0,29000.0
1808,20,55,1,45000,10000.0,35000.0
1808,17,48,1,45000,10000.0,35000.0
1808,7,20,1,49000,10000.0,39000.0
1808,11,31,1,79000,10000.0,69000.0
1808,15,42,1,55000,10000.0,45000.0
1808,5,14,1,49000,10000.0,39000.0
1808,11,30,1,69000,10000.0,59000.0
1809,26,61,1,100000,30000.0,70000.0
1809,17,49,1,55000,30000.0,25000.0
1810,3,9,1,39000,3120.0,35880.0
1810,10,28,1,75000,6000.0,69000.0
1810,22,57,1,55000,4400.0,50600.0
1810,5,15,1,55000,4400.0,50600.0
1810,29,64,1,150000,12000.0,138000.0
1811,4,12,1,45000,30000.0,15000.0
1811,17,50,1,69000,30000.0,39000.0
1812,3,9,1,39000,0.0,39000.0
1813,14,39,1,55000,6600.0,48400.0
1814,15,42,1,55000,9900.0,45100.0
1814,5,15,1,55000,9900.0,45100.0
1814,1,2,1,39000,7020.0,31980.0
1814,5,13,1,45000,8100.0,36900.0
1814,12,33,1,55000,9900.0,45100.0
1814,3,9,2,78000,14040.0,63960.0
1814,3,7,1,29000,5220.0,23780.0
1814,14,40,1,65000,11700.0,53300.0
1814,1,3,1,45000,8100.0,36900.0
1814,13,38,1,69000,12420.0,56580.0
1814,8,22,2,90000,16200.0,73800.0
1814,2,5,1,34000,6120.0,27880.0
1814,18,52,1,55000,9900.0,45100.0
1814,1,1,1,29000,5220.0,23780.0
1814,11,32,1,85000,15300.0,69700.0
1814,7,20,1,49000,8820.0,40180.0
1814,20,55,1,45000,8100.0,36900.0
1814,17,48,1,45000,8100.0,36900.0
1815,13,38,1,69000,10000.0,59000.0
1815,5,15,1,55000,10000.0,45000.0
1816,3,8,1,34000,2720.0,31280.0
1816,20,55,1,45000,3600.0,41400.0
1817,18,53,1,69000,0.0,69000.0
1818,4,10,1,29000,3480.0,25520.0
1819,3,7,1,29000,30000.0,-1000.0
1819,18,53,1,69000,30000.0,39000.0
1820,8,22,1,45000,30000.0,15000.0
1820,24,59,1,55000,30000.0,25000.0
1821,7,20,1,49000,3920.0,45080.0
1822,3,7,1,29000,5220.0,23780.0
1822,9,26,1,79000,14220.0,64780.0
1823,5,13,2,90000,0.0,90000.0
1823,23,58,1,55000,0.0,55000.0
1823,6,18,1,55000,0.0,55000.0
1823,18,51,2,90000,0.0,90000.0
1823,20,55,1,45000,0.0,45000.0
1823,11,32,1,85000,0.0,85000.0
1823,18,52,1,55000,0.0,55000.0
1823,16,45,1,45000,0.0,45000.0
1823,15,42,1,55000,0.0,55000.0
1824,15,43,1,65000,0.0,65000.0
1824,13,37,1,65000,0.0,65000.0
1825,7,21,1,55000,0.0,55000.0
1825,18,51,1,45000,0.0,45000.0
1825,21,56,1,45000,0.0,45000.0
1826,12,34,1,65000,11700.0,53300.0
1826,14,39,1,55000,9900.0,45100.0
1826,13,37,1,65000,11700.0,53300.0
1826,9,24,1,65000,11700.0,53300.0
1827,11,31,1,79000,10000.0,69000.0
1827,9,24,2,130000,10000.0,120000.0
1827,13,36,1,55000,10000.0,45000.0
1828,13,36,1,55000,4400.0,50600.0
1829,2,5,1,34000,30000.0,4000.0
1830,26,61,1,100000,18000.0,82000.0
1831,14,40,1,65000,30000.0,35000.0
1831,17,49,1,55000,30000.0,25000.0
1832,17,48,1,45000,10000.0,35000.0
1832,21,56,1,45000,10000.0,35000.0
1833,4,12,1,45000,10000.0,35000.0
1833,14,40,1,65000,10000.0,55000.0
1834,10,27,1,65000,30000.0,35000.0
1834,12,35,1,69000,30000.0,39000.0
1834,8,23,1,49000,30000.0,19000.0
1834,16,47,2,138000,30000.0,108000.0
1835,1,1,1,29000,30000.0,-1000.0
1836,17,48,1,45000,30000.0,15000.0
1836,17,50,1,69000,30000.0,39000.0
1836,6,18,1,55000,30000.0,25000.0
1836,7,19,1,45000,30000.0,15000.0
1836,20,55,1,45000,30000.0,15000.0
1836,2,4,1,29000,30000.0,-1000.0
1837,17,48,1,45000,0.0,45000.0
1838,7,20,1,49000,8820.0,40180.0
1838,10,27,1,65000,11700.0,53300.0
1839,19,54,1,45000,8100.0,36900.0
1839,17,50,1,69000,12420.0,56580.0
1840,1,2,1,39000,30000.0,9000.0
1840,1,1,1,29000,30000.0,-1000.0
1841,7,19,1,45000,30000.0,15000.0
1841,10,29,1,79000,30000.0,49000.0
1842,7,21,1,55000,4400.0,50600.0
1842,17,49,1,55000,4400.0,50600.0
1843,12,35,1,69000,8280.0,60720.0
1843,13,37,1,65000,7800.0,57200.0
1843,1,1,1,29000,3480.0,25520.0
1843,19,54,1,45000,5400.0,39600.0
1844,16,46,1,55000,0.0,55000.0
1845,12,34,1,65000,5200.0,59800.0
1845,5,15,1,55000,4400.0,50600.0
1845,4,11,1,39000,3120.0,35880.0
1845,30,65,1,200000,16000.0,184000.0
1846,4,10,1,29000,10000.0,19000.0
1846,6,16,1,45000,10000.0,35000.0
1846,17,48,1,45000,10000.0,35000.0
1846,24,59,1,55000,10000.0,45000.0
1846,5,13,1,45000,10000.0,35000.0
1846,18,51,1,45000,10000.0,35000.0
1847,3,8,1,34000,6120.0,27880.0
1847,15,43,1,65000,11700.0,53300.0
1848,7,21,1,55000,30000.0,25000.0
1848,18,53,1,69000,30000.0,39000.0
1848,1,3,1,45000,30000.0,15000.0
1848,10,29,1,79000,30000.0,49000.0
1848,24,59,1,55000,30000.0,25000.0
1848,13,37,1,65000,30000.0,35000.0
1849,25,60,2,70000,30000.0,40000.0
1850,16,46,1,55000,30000.0,25000.0
1850,13,37,1,65000,30000.0,35000.0
1851,17,48,1,45000,0.0,45000.0
1851,17,49,1,55000,0.0,55000.0
1852,14,41,1,69000,30000.0,39000.0
1852,10,28,1,75000,30000.0,45000.0
1852,5,14,2,98000,30000.0,68000.0
1852,3,7,1,29000,30000.0,-1000.0
1852,16,45,1,45000,30000.0,15000.0
1852,15,43,1,65000,30000.0,35000.0
1852,12,35,1,69000,30000.0,39000.0
1852,10,29,1,79000,30000.0,49000.0
1852,6,16,1,45000,30000.0,15000.0
1852,16,46,1,55000,30000.0,25000.0
1853,11,30,1,69000,6900.0,62100.0
1853,5,14,1,49000,4900.0,44100.0
1853,6,16,1,45000,4500.0,40500.0
1853,1,3,1,45000,4500.0,40500.0
1854,7,21,1,55000,5500.0,49500.0
1855,7,19,1,45000,10000.0,35000.0
1856,25,60,1,35000,0.0,35000.0
1857,3,9,1,39000,10000.0,29000.0
1857,11,32,1,85000,10000.0,75000.0
1858,9,25,1,75000,9000.0,66000.0
1859,18,51,1,45000,30000.0,15000.0
1860,10,28,1,75000,30000.0,45000.0
1861,17,49,1,55000,10000.0,45000.0
1861,18,53,1,69000,10000.0,59000.0
1862,1,2,1,39000,3900.0,35100.0
1862,10,28,1,75000,7500.0,67500.0
1862,18,52,1,55000,5500.0,49500.0
1862,5,14,1,49000,4900.0,44100.0
1862,4,12,1,45000,4500.0,40500.0
1862,25,60,1,35000,3500.0,31500.0
1863,17,48,1,45000,8100.0,36900.0
1864,18,51,1,45000,10000.0,35000.0
1864,15,43,1,65000,10000.0,55000.0
1865,25,60,1,35000,4200.0,30800.0
1865,3,8,1,34000,4080.0,29920.0
1865,15,43,1,65000,7800.0,57200.0
1865,10,27,1,65000,7800.0,57200.0
1865,7,21,3,165000,19800.0,145200.0
1865,9,26,1,79000,9480.0,69520.0
1865,6,17,1,49000,5880.0,43120.0
1866,18,51,1,45000,0.0,45000.0
1866,6,17,1,49000,0.0,49000.0
1867,7,20,1,49000,30000.0,19000.0
1867,11,32,1,85000,30000.0,55000.0
1867,12,35,2,138000,30000.0,108000.0
1867,17,49,1,55000,30000.0,25000.0
1867,9,26,1,79000,30000.0,49000.0
1868,25,60,1,35000,30000.0,5000.0
1869,24,59,1,55000,0.0,55000.0
1870,28,63,1,120000,21600.0,98400.0
1871,10,27,2,130000,0.0,130000.0
1871,27,62,1,110000,0.0,110000.0
1871,5,15,1,55000,0.0,55000.0
1871,24,59,1,55000,0.0,55000.0
1871,14,41,1,69000,0.0,69000.0
1871,7,19,1,45000,0.0,45000.0
1871,18,53,1,69000,0.0,69000.0
1871,6,16,1,45000,0.0,45000.0
1871,14,40,1,65000,0.0,65000.0
1872,18,52,1,55000,5500.0,49500.0
1873,19,54,1,45000,5400.0,39600.0
1874,1,3,1,45000,5400.0,39600.0
1875,14,40,1,65000,11700.0,53300.0
1875,30,65,1,200000,36000.0,164000.0
1876,10,27,1,65000,0.0,65000.0
1877,17,50,1,69000,8280.0,60720.0
1877,16,46,1,55000,6600.0,48400.0
1878,19,54,1,45000,0.0,45000.0
1878,14,41,1,69000,0.0,69000.0
1878,30,65,1,200000,0.0,200000.0
1878,11,30,1,69000,0.0,69000.0
1878,2,5,1,34000,0.0,34000.0
1878,16,47,1,69000,0.0,69000.0
1879,4,11,1,39000,30000.0,9000.0
1879,20,55,1,45000,30000.0,15000.0
1879,17,50,1,69000,30000.0,39000.0
1880,28,63,1,120000,21600.0,98400.0
1880,4,11,1,39000,7020.0,31980.0
1881,10,29,1,79000,9480.0,69520.0
1882,3,8,1,34000,4080.0,29920.0
1883,8,23,1,49000,0.0,49000.0
1884,26,61,1,100000,10000.0,90000.0
1884,14,41,1,69000,10000.0,59000.0
1885,21,56,1,45000,30000.0,15000.0
1885,16,46,1,55000,30000.0,25000.0
1885,15,43,1,65000,30000.0,35000.0
1886,16,45,1,45000,8100.0,36900.0
1886,3,9,1,39000,7020.0,31980.0
1887,5,14,1,49000,0.0,49000.0
1888,16,45,1,45000,30000.0,15000.0
1889,18,53,1,69000,12420.0,56580.0
1889,13,38,1,69000,12420.0,56580.0
1890,5,14,1,49000,0.0,49000.0
1890,22,57,1,55000,0.0,55000.0
1890,4,12,1,45000,0.0,45000.0
1890,7,20,1,49000,0.0,49000.0
1890,23,58,1,55000,0.0,55000.0
1890,8,23,1,49000,0.0,49000.0
1891,5,14,1,49000,30000.0,19000.0
1891,6,18,1,55000,30000.0,25000.0
1891,2,5,1,34000,30000.0,4000.0
1892,15,44,1,69000,0.0,69000.0
1892,16,46,1,55000,0.0,55000.0
1892,28,63,1,120000,0.0,120000.0
1892,18,51,1,45000,0.0,45000.0
1892,16,45,1,45000,0.0,45000.0
1893,30,65,1,200000,16000.0,184000.0
1893,10,29,1,79000,6320.0,72680.0
1893,3,9,1,39000,3120.0,35880.0
1893,1,1,1,29000,2320.0,26680.0
1893,13,36,1,55000,4400.0,50600.0
1893,19,54,2,90000,7200.0,82800.0
1893,5,14,2,98000,7840.0,90160.0
1893,7,19,1,45000,3600.0,41400.0
1893,17,49,1,55000,4400.0,50600.0
1893,7,21,1,55000,4400.0,50600.0
1893,11,30,1,69000,5520.0,63480.0
1893,16,45,1,45000,3600.0,41400.0
1893,3,7,1,29000,2320.0,26680.0
1893,5,15,1,55000,4400.0,50600.0
1893,4,11,1,39000,3120.0,35880.0
1893,12,34,1,65000,5200.0,59800.0
1894,15,43,1,65000,30000.0,35000.0
1895,14,40,1,65000,30000.0,35000.0
1895,13,37,1,65000,30000.0,35000.0
1896,23,58,1,55000,9900.0,45100.0
1896,20,55,1,45000,8100.0,36900.0
1896,18,51,1,45000,8100.0,36900.0
1897,14,41,1,69000,8280.0,60720.0
1898,19,54,1,45000,4500.0,40500.0
1898,9,24,1,65000,6500.0,58500.0
1899,23,58,1,55000,10000.0,45000.0
1900,29,64,1,150000,30000.0,120000.0
1900,11,31,1,79000,30000.0,49000.0
1900,1,1,1,29000,30000.0,-1000.0
1901,13,37,1,65000,5200.0,59800.0
1901,3,9,1,39000,3120.0,35880.0
1901,26,61,1,100000,8000.0,92000.0
1901,4,10,1,29000,2320.0,26680.0
1901,13,38,1,69000,5520.0,63480.0
1902,10,28,1,75000,10000.0,65000.0
1902,11,30,1,69000,10000.0,59000.0
1903,12,33,1,55000,30000.0,25000.0
1903,3,7,1,29000,30000.0,-1000.0
1903,1,2,1,39000,30000.0,9000.0
1903,4,11,1,39000,30000.0,9000.0
1904,17,50,1,69000,0.0,69000.0
1904,28,63,1,120000,0.0,120000.0
1905,6,16,1,45000,30000.0,15000.0
1906,4,12,1,45000,30000.0,15000.0
1907,7,21,1,55000,9900.0,45100.0
1908,5,13,1,45000,8100.0,36900.0
1908,25,60,1,35000,6300.0,28700.0
1909,15,43,1,65000,30000.0,35000.0
1909,18,51,1,45000,30000.0,15000.0
1910,4,10,1,29000,30000.0,-1000.0
1910,14,40,1,65000,30000.0,35000.0
1911,9,24,1,65000,5200.0,59800.0
1911,25,60,1,35000,2800.0,32200.0
1911,6,18,1,55000,4400.0,50600.0
1911,26,61,1,100000,8000.0,92000.0
1912,18,53,1,69000,8280.0,60720.0
1912,21,56,1,45000,5400.0,39600.0
1912,11,30,1,69000,8280.0,60720.0
1912,1,2,1,39000,4680.0,34320.0
1913,6,16,1,45000,0.0,45000.0
1914,6,18,1,55000,5500.0,49500.0
1914,12,35,1,69000,6900.0,62100.0
1914,7,20,1,49000,4900.0,44100.0
1915,17,50,1,69000,30000.0,39000.0
1915,24,59,1,55000,30000.0,25000.0
1916,16,47,1,69000,8280.0,60720.0
1917,21,56,1,45000,10000.0,35000.0
1917,5,13,1,45000,10000.0,35000.0
1918,14,39,1,55000,9900.0,45100.0
1918,15,42,1,55000,9900.0,45100.0
1919,6,16,1,45000,3600.0,41400.0
1919,2,4,1,29000,2320.0,26680.0
1920,13,37,1,65000,30000.0,35000.0
1920,10,27,1,65000,30000.0,35000.0
1921,30,65,1,200000,0.0,200000.0
1922,5,14,1,49000,10000.0,39000.0
1922,3,8,1,34000,10000.0,24000.0
1922,10,28,2,150000,10000.0,140000.0
1922,16,45,1,45000,10000.0,35000.0
1922,6,17,2,98000,10000.0,88000.0
1922,5,13,1,45000,10000.0,35000.0
1922,1,3,1,45000,10000.0,35000.0
1922,15,44,1,69000,10000.0,59000.0
1922,25,60,1,35000,10000.0,25000.0
1922,2,6,1,39000,10000.0,29000.0
1922,1,2,1,39000,10000.0,29000.0
1922,5,15,1,55000,10000.0,45000.0
1922,6,18,1,55000,10000.0,45000.0
1922,11,30,1,69000,10000.0,59000.0
1922,27,62,1,110000,10000.0,100000.0
1922,11,32,1,85000,10000.0,75000.0
1923,12,33,1,55000,4400.0,50600.0
1923,8,23,1,49000,3920.0,45080.0
1924,24,59,1,55000,9900.0,45100.0
1924,16,47,1,69000,12420.0,56580.0
1925,22,57,1,55000,9900.0,45100.0
1925,15,44,1,69000,12420.0,56580.0
1925,5,14,1,49000,8820.0,40180.0
1925,15,43,1,65000,11700.0,53300.0
1925,14,39,1,55000,9900.0,45100.0
1925,8,23,1,49000,8820.0,40180.0
1926,17,48,1,45000,0.0,45000.0
1927,4,12,1,45000,8100.0,36900.0
1927,3,8,1,34000,6120.0,27880.0
1927,9,24,1,65000,11700.0,53300.0
1927,2,6,1,39000,7020.0,31980.0
1927,11,32,1,85000,15300.0,69700.0
1927,3,9,1,39000,7020.0,31980.0
1928,18,53,1,69000,12420.0,56580.0
1928,8,23,1,49000,8820.0,40180.0
1929,3,7,1,29000,30000.0,-1000.0
1929,26,61,1,100000,30000.0,70000.0
1929,6,18,1,55000,30000.0,25000.0
1929,16,46,1,55000,30000.0,25000.0
1930,14,41,1,69000,5520.0,63480.0
1930,10,29,1,79000,6320.0,72680.0
1930,1,3,1,45000,3600.0,41400.0
1931,30,65,1,200000,30000.0,170000.0
1931,4,10,1,29000,30000.0,-1000.0
1932,15,44,1,69000,12420.0,56580.0
1933,14,39,1,55000,6600.0,48400.0
1933,2,4,1,29000,3480.0,25520.0
1934,4,11,1,39000,30000.0,9000.0
1934,13,37,1,65000,30000.0,35000.0
1935,7,19,1,45000,4500.0,40500.0
1935,8,22,1,45000,4500.0,40500.0
1935,25,60,1,35000,3500.0,31500.0
1935,9,24,1,65000,6500.0,58500.0
1935,12,34,1,65000,6500.0,58500.0
1936,23,58,1,55000,10000.0,45000.0
1937,10,27,1,65000,11700.0,53300.0
1937,16,46,1,55000,9900.0,45100.0
1938,14,39,1,55000,9900.0,45100.0
1939,7,21,1,55000,6600.0,48400.0
1939,8,22,1,45000,5400.0,39600.0
1940,16,46,1,55000,30000.0,25000.0
1941,1,1,1,29000,0.0,29000.0
1941,13,36,1,55000,0.0,55000.0
1941,26,61,1,100000,0.0,100000.0
1942,9,24,1,65000,10000.0,55000.0
1942,5,13,1,45000,10000.0,35000.0
1943,11,32,1,85000,6800.0,78200.0
1944,26,61,1,100000,10000.0,90000.0
1944,15,42,1,55000,5500.0,49500.0
1945,11,32,1,85000,10200.0,74800.0
1945,10,27,1,65000,7800.0,57200.0
1946,13,37,1,65000,6500.0,58500.0
1946,1,2,1,39000,3900.0,35100.0
1947,4,12,1,45000,8100.0,36900.0
1948,11,31,1,79000,9480.0,69520.0
1948,14,40,1,65000,7800.0,57200.0
1949,24,59,1,55000,6600.0,48400.0
1949,7,21,1,55000,6600.0,48400.0
1949,3,9,1,39000,4680.0,34320.0
1949,20,55,1,45000,5400.0,39600.0
1949,16,46,1,55000,6600.0,48400.0
1950,8,23,1,49000,10000.0,39000.0
1950,14,40,1,65000,10000.0,55000.0
1950,22,57,1,55000,10000.0,45000.0
1950,12,35,1,69000,10000.0,59000.0
1950,12,33,1,55000,10000.0,45000.0
1950,6,18,1,55000,10000.0,45000.0
1951,13,38,1,69000,12420.0,56580.0
1951,12,34,1,65000,11700.0,53300.0
1951,3,8,1,34000,6120.0,27880.0
1952,4,10,1,29000,3480.0,25520.0
1953,11,32,1,85000,10000.0,75000.0
1953,29,64,1,150000,10000.0,140000.0
1954,8,23,1,49000,10000.0,39000.0
1954,5,13,1,45000,10000.0,35000.0
1955,13,38,1,69000,30000.0,39000.0
1955,10,27,1,65000,30000.0,35000.0
1956,6,17,1,49000,3920.0,45080.0
1957,4,11,1,39000,0.0,39000.0
1958,8,23,1,49000,0.0,49000.0
1958,11,32,1,85000,0.0,85000.0
1959,16,45,1,45000,10000.0,35000.0
1959,14,39,1,55000,10000.0,45000.0
1959,5,14,1,49000,10000.0,39000.0
1959,10,29,1,79000,10000.0,69000.0
1960,3,9,1,39000,30000.0,9000.0
1960,12,35,1,69000,30000.0,39000.0
1960,13,37,1,65000,30000.0,35000.0
1960,19,54,1,45000,30000.0,15000.0
1961,26,61,1,100000,10000.0,90000.0
1961,9,25,1,75000,10000.0,65000.0
1961,10,27,1,65000,10000.0,55000.0
1961,21,56,1,45000,10000.0,35000.0
1961,18,52,1,55000,10000.0,45000.0
1961,8,22,1,45000,10000.0,35000.0
1961,3,9,2,78000,10000.0,68000.0
1961,4,11,1,39000,10000.0,29000.0
1961,6,17,1,49000,10000.0,39000.0
1961,14,41,2,138000,10000.0,128000.0
1961,20,55,1,45000,10000.0,35000.0
1962,14,40,1,65000,30000.0,35000.0
1962,14,39,1,55000,30000.0,25000.0
1963,16,46,1,55000,30000.0,25000.0
1964,27,62,1,110000,30000.0,80000.0
1964,16,47,1,69000,30000.0,39000.0
1965,10,29,1,79000,9480.0,69520.0
1965,22,57,1,55000,6600.0,48400.0
1965,9,24,1,65000,7800.0,57200.0
1965,17,49,1,55000,6600.0,48400.0
1966,12,35,1,69000,30000.0,39000.0
1967,16,45,1,45000,5400.0,39600.0
1968,13,37,1,65000,5200.0,59800.0
1969,20,55,1,45000,5400.0,39600.0
1969,7,21,1,55000,6600.0,48400.0
1970,4,11,1,39000,30000.0,9000.0
1970,6,17,1,49000,30000.0,19000.0
1971,17,49,1,55000,5500.0,49500.0
1971,17,50,1,69000,6900.0,62100.0
1972,27,62,1,110000,30000.0,80000.0
1973,11,31,1,79000,9480.0,69520.0
1974,7,21,1,55000,4400.0,50600.0
1974,17,49,1,55000,4400.0,50600.0
1975,14,39,1,55000,6600.0,48400.0
1976,3,8,1,34000,30000.0,4000.0
1976,17,48,1,45000,30000.0,15000.0
1976,11,31,1,79000,30000.0,49000.0
1976,11,30,1,69000,30000.0,39000.0
1977,2,6,1,39000,0.0,39000.0
1978,5,15,1,55000,5500.0,49500.0
1979,1,2,1,39000,30000.0,9000.0
1979,18,53,1,69000,30000.0,39000.0
1980,18,52,1,55000,30000.0,25000.0
1980,28,63,1,120000,30000.0,90000.0
1981,17,48,1,45000,5400.0,39600.0
1982,2,6,1,39000,4680.0,34320.0
1983,6,17,1,49000,0.0,49000.0
1984,12,33,1,55000,0.0,55000.0
1984,17,50,1,69000,0.0,69000.0
1984,15,43,1,65000,0.0,65000.0
1984,6,17,1,49000,0.0,49000.0
1985,8,23,1,49000,5880.0,43120.0
1985,15,42,1,55000,6600.0,48400.0
1986,2,6,1,39000,4680.0,34320.0
1986,29,64,1,150000,18000.0,132000.0
1987,11,32,1,85000,0.0,85000.0
1988,6,16,1,45000,30000.0,15000.0
1988,6,18,1,55000,30000.0,25000.0
1989,4,10,1,29000,2320.0,26680.0
1989,6,18,1,55000,4400.0,50600.0
1990,3,9,1,39000,7020.0,31980.0
1990,25,60,2,70000,12600.0,57400.0
1990,6,16,1,45000,8100.0,36900.0
1991,27,62,1,110000,13200.0,96800.0
1991,1,2,1,39000,4680.0,34320.0
1992,18,53,1,69000,30000.0,39000.0
1993,1,2,1,39000,3120.0,35880.0
1993,6,16,1,45000,3600.0,41400.0
1994,16,46,1,55000,6600.0,48400.0
1994,2,6,1,39000,4680.0,34320.0
1995,4,10,1,29000,3480.0,25520.0
1995,17,49,1,55000,6600.0,48400.0
1995,7,20,1,49000,5880.0,43120.0
1995,2,4,1,29000,3480.0,25520.0
1995,4,12,1,45000,5400.0,39600.0
1995,3,8,1,34000,4080.0,29920.0
1995,6,18,1,55000,6600.0,48400.0
1995,22,57,1,55000,6600.0,48400.0
1995,8,23,1,49000,5880.0,43120.0
1995,15,44,1,69000,8280.0,60720.0
1995,23,58,1,55000,6600.0,48400.0
1995,5,14,1,49000,5880.0,43120.0
1995,11,30,1,69000,8280.0,60720.0
1995,2,6,1,39000,4680.0,34320.0
1995,11,32,1,85000,10200.0,74800.0
1995,9,24,1,65000,7800.0,57200.0
1996,12,35,1,69000,8280.0,60720.0
1996,7,19,1,45000,5400.0,39600.0
1997,2,5,1,34000,2720.0,31280.0
1998,26,61,1,100000,18000.0,82000.0
1998,5,13,2,90000,16200.0,73800.0
1998,8,22,1,45000,8100.0,36900.0
1998,3,9,1,39000,7020.0,31980.0
1998,13,36,1,55000,9900.0,45100.0
1998,5,15,2,110000,19800.0,90200.0
1998,25,60,4,140000,25200.0,114800.0
1998,2,6,1,39000,7020.0,31980.0
1998,14,40,1,65000,11700.0,53300.0
1998,11,32,1,85000,15300.0,69700.0
1998,11,30,1,69000,12420.0,56580.0
1998,18,53,1,69000,12420.0,56580.0
1998,29,64,1,150000,27000.0,123000.0
1998,4,10,1,29000,5220.0,23780.0
1999,22,57,1,55000,30000.0,25000.0
1999,9,24,1,65000,30000.0,35000.0
1999,9,25,1,75000,30000.0,45000.0
2000,23,58,1,55000,4400.0,50600.0
2000,4,11,1,39000,3120.0,35880.0
2000,29,64,1,150000,12000.0,138000.0
2000,16,47,1,69000,5520.0,63480.0
2001,9,26,1,79000,9480.0,69520.0
2002,7,21,1,55000,30000.0,25000.0
2002,7,19,1,45000,30000.0,15000.0
2002,15,43,1,65000,30000.0,35000.0
2002,6,17,1,49000,30000.0,19000.0
2002,5,13,1,45000,30000.0,15000.0
2003,11,32,1,85000,8500.0,76500.0
2004,13,37,1,65000,11700.0,53300.0
2004,5,14,1,49000,8820.0,40180.0
2005,3,7,1,29000,0.0,29000.0
2005,17,49,1,55000,0.0,55000.0
2006,10,29,1,79000,30000.0,49000.0
2007,18,51,1,45000,10000.0,35000.0
2007,1,3,2,90000,10000.0,80000.0
2007,30,65,1,200000,10000.0,190000.0
2007,17,50,1,69000,10000.0,59000.0
2007,13,36,1,55000,10000.0,45000.0
2008,9,26,1,79000,14220.0,64780.0
2008,17,50,1,69000,12420.0,56580.0
2008,29,64,1,150000,27000.0,123000.0
2008,13,38,2,138000,24840.0,113160.0
2008,14,41,1,69000,12420.0,56580.0
2008,3,7,1,29000,5220.0,23780.0
2008,18,51,1,45000,8100.0,36900.0
2008,18,52,1,55000,9900.0,45100.0
2008,8,23,1,49000,8820.0,40180.0
2008,2,5,1,34000,6120.0,27880.0
2008,2,6,1,39000,7020.0,31980.0
2009,15,43,1,65000,10000.0,55000.0
2009,18,51,1,45000,10000.0,35000.0
2010,29,64,1,150000,30000.0,120000.0
2010,12,33,1,55000,30000.0,25000.0
2011,13,36,1,55000,9900.0,45100.0
2012,8,23,1,49000,0.0,49000.0
2013,16,45,1,45000,30000.0,15000.0
2014,1,1,1,29000,5220.0,23780.0
2015,26,61,1,100000,0.0,100000.0
2015,3,9,1,39000,0.0,39000.0
2015,12,35,1,69000,0.0,69000.0
2015,4,11,1,39000,0.0,39000.0
2015,15,43,1,65000,0.0,65000.0
2015,12,33,1,55000,0.0,55000.0
2015,2,4,1,29000,0.0,29000.0
2015,14,41,1,69000,0.0,69000.0
2015,20,55,1,45000,0.0,45000.0
2015,4,10,1,29000,0.0,29000.0
2015,27,62,1,110000,0.0,110000.0
2015,10,27,2,130000,0.0,130000.0
2015,25,60,1,35000,0.0,35000.0
2015,16,47,1,69000,0.0,69000.0
2015,9,25,1,75000,0.0,75000.0
2015,13,37,1,65000,0.0,65000.0
2015,11,31,1,79000,0.0,79000.0
2015,28,63,1,120000,0.0,120000.0
2016,3,8,1,34000,0.0,34000.0
2016,18,51,1,45000,0.0,45000.0
2017,24,59,1,55000,30000.0,25000.0
2017,10,29,1,79000,30000.0,49000.0
2018,4,12,1,45000,30000.0,15000.0
2018,30,65,1,200000,30000.0,170000.0
2018,6,17,1,49000,30000.0,19000.0
2018,21,56,1,45000,30000.0,15000.0
2018,7,19,1,45000,30000.0,15000.0
2018,23,58,1,55000,30000.0,25000.0
2018,5,15,1,55000,30000.0,25000.0
2018,24,59,1,55000,30000.0,25000.0
2018,11,31,1,79000,30000.0,49000.0
2018,12,34,1,65000,30000.0,35000.0
2018,3,9,2,78000,30000.0,48000.0
2018,13,37,1,65000,30000.0,35000.0
2018,5,14,1,49000,30000.0,19000.0
2018,7,21,1,55000,30000.0,25000.0
2018,16,47,1,69000,30000.0,39000.0
2018,18,52,2,110000,30000.0,80000.0
2018,20,55,1,45000,30000.0,15000.0
2018,9,26,1,79000,30000.0,49000.0
2019,9,24,1,65000,7800.0,57200.0
2019,29,64,1,150000,18000.0,132000.0
2019,4,12,1,45000,5400.0,39600.0
2019,25,60,1,35000,4200.0,30800.0
2019,4,10,1,29000,3480.0,25520.0
2020,11,31,1,79000,14220.0,64780.0
2020,9,26,1,79000,14220.0,64780.0
2020,29,64,1,150000,27000.0,123000.0
2021,1,2,1,39000,3120.0,35880.0
2021,2,5,1,34000,2720.0,31280.0
2022,29,64,1,150000,12000.0,138000.0
2022,13,38,1,69000,5520.0,63480.0
2023,26,61,1,100000,0.0,100000.0
2024,12,35,1,69000,6900.0,62100.0
2024,7,19,1,45000,4500.0,40500.0
2025,18,53,1,69000,30000.0,39000.0
2025,30,65,1,200000,30000.0,170000.0
2025,22,57,1,55000,30000.0,25000.0
2025,7,20,1,49000,30000.0,19000.0
2025,12,34,1,65000,30000.0,35000.0
2025,19,54,1,45000,30000.0,15000.0
2026,4,12,1,45000,10000.0,35000.0
2027,1,2,1,39000,0.0,39000.0
2027,4,11,1,39000,0.0,39000.0
2028,8,22,1,45000,30000.0,15000.0
2029,30,65,1,200000,0.0,200000.0
2029,10,27,1,65000,0.0,65000.0
2030,2,5,1,34000,30000.0,4000.0
2030,14,39,1,55000,30000.0,25000.0
2030,16,46,1,55000,30000.0,25000.0
2030,8,22,1,45000,30000.0,15000.0
2031,20,55,1,45000,0.0,45000.0
2031,11,31,1,79000,0.0,79000.0
2031,5,14,1,49000,0.0,49000.0
2031,1,1,1,29000,0.0,29000.0
2031,12,34,1,65000,0.0,65000.0
2031,2,5,1,34000,0.0,34000.0
2032,5,14,1,49000,3920.0,45080.0
2032,13,37,1,65000,5200.0,59800.0
2033,6,18,1,55000,9900.0,45100.0
2034,21,56,1,45000,3600.0,41400.0
2034,7,19,1,45000,3600.0,41400.0
2034,14,41,1,69000,5520.0,63480.0
2035,13,37,1,65000,0.0,65000.0
2036,2,6,1,39000,3120.0,35880.0
2037,7,20,1,49000,30000.0,19000.0
2037,26,61,1,100000,30000.0,70000.0
2038,4,12,1,45000,8100.0,36900.0
2038,3,7,1,29000,5220.0,23780.0
2039,16,46,2,110000,30000.0,80000.0
2039,8,22,2,90000,30000.0,60000.0
2039,18,53,1,69000,30000.0,39000.0
2039,26,61,1,100000,30000.0,70000.0
2039,18,51,1,45000,30000.0,15000.0
2039,9,24,1,65000,30000.0,35000.0
2039,13,36,1,55000,30000.0,25000.0
2039,29,64,1,150000,30000.0,120000.0
2039,7,20,1,49000,30000.0,19000.0
2039,14,39,1,55000,30000.0,25000.0
2039,2,6,2,78000,30000.0,48000.0
2039,10,29,1,79000,30000.0,49000.0
2039,17,48,1,45000,30000.0,15000.0
2039,8,23,1,49000,30000.0,19000.0
2039,2,5,1,34000,30000.0,4000.0
2039,17,49,1,55000,30000.0,25000.0
2039,15,43,1,65000,30000.0,35000.0
2040,1,2,1,39000,10000.0,29000.0
2040,15,42,1,55000,10000.0,45000.0
2041,18,51,1,45000,8100.0,36900.0
2041,19,54,1,45000,8100.0,36900.0
2041,4,12,1,45000,8100.0,36900.0
2041,15,44,1,69000,12420.0,56580.0
2041,11,31,1,79000,14220.0,64780.0
2041,23,58,1,55000,9900.0,45100.0
2042,3,7,2,58000,10000.0,48000.0
2042,1,1,1,29000,10000.0,19000.0
2042,16,46,1,55000,10000.0,45000.0
2042,22,57,1,55000,10000.0,45000.0
2042,11,31,1,79000,10000.0,69000.0
2043,18,52,1,55000,10000.0,45000.0
2044,7,19,1,45000,0.0,45000.0
2044,16,45,1,45000,0.0,45000.0
2045,16,45,1,45000,5400.0,39600.0
2045,5,14,1,49000,5880.0,43120.0
2045,5,15,1,55000,6600.0,48400.0
2046,19,54,2,90000,10000.0,80000.0
2046,11,32,1,85000,10000.0,75000.0
2046,5,15,1,55000,10000.0,45000.0
2047,30,65,2,400000,10000.0,390000.0
2048,7,21,1,55000,6600.0,48400.0
2048,1,3,1,45000,5400.0,39600.0
2048,18,53,1,69000,8280.0,60720.0
2049,4,12,1,45000,0.0,45000.0
2049,6,17,1,49000,0.0,49000.0
2049,12,34,1,65000,0.0,65000.0
2049,29,64,1,150000,0.0,150000.0
2049,1,1,1,29000,0.0,29000.0
2050,11,32,1,85000,0.0,85000.0
2050,7,21,1,55000,0.0,55000.0
2051,21,56,1,45000,10000.0,35000.0
2052,12,33,1,55000,30000.0,25000.0
2053,17,50,1,69000,10000.0,59000.0
2053,10,29,1,79000,10000.0,69000.0
2053,15,44,1,69000,10000.0,59000.0
2053,11,32,2,170000,10000.0,160000.0
2053,4,10,1,29000,10000.0,19000.0
2053,5,13,1,45000,10000.0,35000.0
2053,2,6,1,39000,10000.0,29000.0
2053,1,1,1,29000,10000.0,19000.0
2053,6,17,1,49000,10000.0,39000.0
2053,15,42,1,55000,10000.0,45000.0
2053,16,47,1,69000,10000.0,59000.0
2053,9,25,1,75000,10000.0,65000.0
2054,17,48,1,45000,30000.0,15000.0
2054,12,35,1,69000,30000.0,39000.0
2055,9,24,1,65000,5200.0,59800.0
2055,19,54,1,45000,3600.0,41400.0
2055,18,53,1,69000,5520.0,63480.0
2055,17,49,1,55000,4400.0,50600.0
2055,21,56,1,45000,3600.0,41400.0
2055,18,51,1,45000,3600.0,41400.0
2055,10,28,1,75000,6000.0,69000.0
2055,11,30,1,69000,5520.0,63480.0
2056,8,23,1,49000,5880.0,43120.0
2057,2,4,1,29000,2320.0,26680.0
2058,16,45,1,45000,30000.0,15000.0
2058,14,41,1,69000,30000.0,39000.0
2058,13,38,1,69000,30000.0,39000.0
2058,3,9,1,39000,30000.0,9000.0
2058,30,65,1,200000,30000.0,170000.0
2059,5,14,1,49000,0.0,49000.0
2060,12,34,1,65000,10000.0,55000.0
2061,13,36,1,55000,9900.0,45100.0
2061,12,33,1,55000,9900.0,45100.0
2061,12,34,1,65000,11700.0,53300.0
2061,1,1,1,29000,5220.0,23780.0
2061,5,15,1,55000,9900.0,45100.0
2062,2,5,1,34000,3400.0,30600.0
2063,27,62,1,110000,30000.0,80000.0
2063,9,25,1,75000,30000.0,45000.0
2063,3,7,1,29000,30000.0,-1000.0
2063,17,49,1,55000,30000.0,25000.0
2064,13,38,1,69000,12420.0,56580.0
2064,28,63,1,120000,21600.0,98400.0
2065,19,54,1,45000,5400.0,39600.0
2066,12,33,1,55000,5500.0,49500.0
2066,3,7,1,29000,2900.0,26100.0
2066,5,14,1,49000,4900.0,44100.0
2067,2,4,1,29000,30000.0,-1000.0
2067,24,59,1,55000,30000.0,25000.0
2067,16,46,1,55000,30000.0,25000.0
2067,7,21,1,55000,30000.0,25000.0
2067,18,52,1,55000,30000.0,25000.0
2067,17,50,1,69000,30000.0,39000.0
2068,12,35,1,69000,0.0,69000.0
2068,17,48,1,45000,0.0,45000.0
2068,5,14,1,49000,0.0,49000.0
2068,4,10,1,29000,0.0,29000.0
2068,18,51,1,45000,0.0,45000.0
2069,6,17,1,49000,4900.0,44100.0
2069,15,42,1,55000,5500.0,49500.0
2069,9,26,1,79000,7900.0,71100.0
2070,13,36,1,55000,5500.0,49500.0
2070,2,5,1,34000,3400.0,30600.0
2071,3,8,1,34000,10000.0,24000.0
2071,17,49,1,55000,10000.0,45000.0
2072,4,12,1,45000,30000.0,15000.0
2073,8,22,1,45000,0.0,45000.0
2073,12,34,1,65000,0.0,65000.0
2073,13,38,1,69000,0.0,69000.0
2073,5,14,1,49000,0.0,49000.0
2073,10,28,1,75000,0.0,75000.0
2074,5,13,1,45000,3600.0,41400.0
2074,15,43,1,65000,5200.0,59800.0
2074,2,5,1,34000,2720.0,31280.0
2074,12,34,1,65000,5200.0,59800.0
2074,22,57,1,55000,4400.0,50600.0
2075,17,49,1,55000,30000.0,25000.0
2075,23,58,1,55000,30000.0,25000.0
2076,5,14,1,49000,3920.0,45080.0
2077,13,37,1,65000,30000.0,35000.0
2077,7,20,1,49000,30000.0,19000.0
2077,30,65,1,200000,30000.0,170000.0
2077,17,49,1,55000,30000.0,25000.0
2077,17,50,1,69000,30000.0,39000.0
2077,18,51,1,45000,30000.0,15000.0
2078,11,31,1,79000,30000.0,49000.0
2078,11,30,1,69000,30000.0,39000.0
2078,5,14,1,49000,30000.0,19000.0
2079,11,31,1,79000,10000.0,69000.0
2079,10,27,1,65000,10000.0,55000.0
2079,15,42,1,55000,10000.0,45000.0
2079,4,12,1,45000,10000.0,35000.0
2079,13,37,1,65000,10000.0,55000.0
2080,8,23,1,49000,0.0,49000.0
2081,11,31,1,79000,0.0,79000.0
2081,24,59,1,55000,0.0,55000.0
2081,26,61,1,100000,0.0,100000.0
2081,16,46,1,55000,0.0,55000.0
2082,14,39,1,55000,5500.0,49500.0
2082,5,13,1,45000,4500.0,40500.0
2083,7,19,1,45000,10000.0,35000.0
2084,12,33,1,55000,10000.0,45000.0
2084,30,65,1,200000,10000.0,190000.0
2085,16,45,1,45000,0.0,45000.0
2085,12,33,1,55000,0.0,55000.0
2086,12,33,1,55000,30000.0,25000.0
2087,4,12,1,45000,4500.0,40500.0
2088,12,35,1,69000,0.0,69000.0
2088,23,58,1,55000,0.0,55000.0
2088,6,18,1,55000,0.0,55000.0
2088,17,48,1,45000,0.0,45000.0
2088,11,31,1,79000,0.0,79000.0
2088,14,41,1,69000,0.0,69000.0
2089,19,54,1,45000,3600.0,41400.0
2089,15,42,1,55000,4400.0,50600.0
2090,15,43,1,65000,30000.0,35000.0
2090,6,18,1,55000,30000.0,25000.0
2090,7,19,1,45000,30000.0,15000.0
2090,2,4,1,29000,30000.0,-1000.0
2091,23,58,1,55000,0.0,55000.0
2091,25,60,1,35000,0.0,35000.0
